symbol,date,time,open,high,low,close,volume
TSLA,2026-02-02,09:30:00,421.29,421.7,417.13,417.6774,1294862.0
TSLA,2026-02-02,09:31:00,417.655,417.7799,415.361,416.02,692201
TSLA,2026-02-02,09:32:00,415.91,417.7299,415.74,416.26,502481
TSLA,2026-02-02,09:33:00,416.2,416.69,414.75,414.95,803411
TSLA,2026-02-02,09:34:00,414.955,415.48,414.5,415.36,480516
TSLA,2026-02-02,09:35:00,415.2801,416.38,415,416.22,438732
TSLA,2026-02-02,09:36:00,416.15,416.99,416.02,416.545,436394
TSLA,2026-02-02,09:37:00,416.61,417.98,416.22,417.0499,510818
TSLA,2026-02-02,09:38:00,417.0375,417.53,416.06,416.7,341536
TSLA,2026-02-02,09:39:00,416.63,417.3699,416.61,417.2,256412
TSLA,2026-02-02,09:40:00,417.29,417.38,416.15,416.5,369099
TSLA,2026-02-02,09:41:00,416.5899,417,416.05,416.2254,298030
TSLA,2026-02-02,09:42:00,416.31,417.1882,416.2,416.62,277151
TSLA,2026-02-02,09:43:00,416.67,417.9,416.436,417.415,297051
TSLA,2026-02-02,09:44:00,417.47,418.82,417.4601,418.78,356255
TSLA,2026-02-02,09:45:00,418.818,419.2999,418.13,418.2051,368591
TSLA,2026-02-02,09:46:00,418.2051,419.6699,418.06,419.64,327552
TSLA,2026-02-02,09:47:00,419.625,419.76,419,419.38,270739
TSLA,2026-02-02,09:48:00,419.355,419.41,417.98,418.39,288007
TSLA,2026-02-02,09:49:00,418.3999,419.92,418.22,419.8585,309626
TSLA,2026-02-02,09:50:00,419.8636,420.42,419.42,420.175,325474
TSLA,2026-02-02,09:51:00,420.17,420.3,419.6,419.71,245205
TSLA,2026-02-02,09:52:00,419.653,420.57,419.58,420.49,216704
TSLA,2026-02-02,09:53:00,420.46,420.72,420.2001,420.5,195514
TSLA,2026-02-02,09:54:00,420.425,420.7099,419.61,419.66,167734
TSLA,2026-02-02,09:55:00,419.69,419.8,418.86,419.0586,233355
TSLA,2026-02-02,09:56:00,419.03,419.17,418.23,418.255,261540
TSLA,2026-02-02,09:57:00,418.25,418.91,418.07,418.805,218979
TSLA,2026-02-02,09:58:00,418.83,418.8699,418.07,418.1393,153822
TSLA,2026-02-02,09:59:00,418.11,418.4,417.25,417.3,264371
TSLA,2026-02-03,09:30:00,424.27,424.32,422.2685,422.9802,619471
TSLA,2026-02-03,09:31:00,423.1049,423.39,421.07,421.855,393690
TSLA,2026-02-03,09:32:00,421.795,422.5,420.75,421.71,356455
TSLA,2026-02-03,09:33:00,421.77,424.45,421.6,423.935,375309
TSLA,2026-02-03,09:34:00,423.935,425.19,422.98,424.888,327728
TSLA,2026-02-03,09:35:00,424.8898,424.97,422.71,423.085,281971
TSLA,2026-02-03,09:36:00,422.99,424.69,422.88,424.63,213845
TSLA,2026-02-03,09:37:00,424.7,425.18,423.6,424.875,267131
TSLA,2026-02-03,09:38:00,424.84,425.51,423.66,424.625,229352
TSLA,2026-02-03,09:39:00,424.69,424.7499,422.68,422.9875,273815
TSLA,2026-02-03,09:40:00,422.955,423.7099,421.82,422.2712,284459
TSLA,2026-02-03,09:41:00,422.24,422.25,421.42,421.5762,239050
TSLA,2026-02-03,09:42:00,421.595,422.21,421.2,421.7945,193049
TSLA,2026-02-03,09:43:00,421.825,421.89,420.31,420.945,316651
TSLA,2026-02-03,09:44:00,420.945,422.58,420.823,422.5505,245837
TSLA,2026-02-03,09:45:00,422.53,423.51,422,423.45,286694
TSLA,2026-02-03,09:46:00,423.41,423.93,422.51,423.68,225628
TSLA,2026-02-03,09:47:00,423.69,424.66,423.48,424.345,219493
TSLA,2026-02-03,09:48:00,424.375,424.74,423.81,424.41,222495
TSLA,2026-02-03,09:49:00,424.43,424.7,423.93,424.1929,158707
TSLA,2026-02-03,09:50:00,424.14,424.15,423.15,423.385,184571
TSLA,2026-02-03,09:51:00,423.375,424,423.01,423.165,119872
TSLA,2026-02-03,09:52:00,423.23,423.536,422.65,423.4601,156003
TSLA,2026-02-03,09:53:00,423.56,423.6,422.975,423.1,112560
TSLA,2026-02-03,09:54:00,423.105,423.28,421.8571,421.905,182801
TSLA,2026-02-03,09:55:00,421.85,421.96,420.7,420.7999,256967
TSLA,2026-02-03,09:56:00,420.73,421.125,420.08,420.08,270155
TSLA,2026-02-03,09:57:00,420.0801,420.93,420.06,420.875,176263
TSLA,2026-02-03,09:58:00,420.82,421,420.21,420.435,158886
TSLA,2026-02-03,09:59:00,420.35,420.715,420.11,420.485,115977
TSLA,2026-02-04,09:30:00,420.46,420.99,418.5701,418.849,428515
TSLA,2026-02-04,09:31:00,418.82,420.1,418.4,419.115,278095
TSLA,2026-02-04,09:32:00,419.1125,419.7,418.01,418.235,281415
TSLA,2026-02-04,09:33:00,418.1501,418.89,417.51,418.27,253621
TSLA,2026-02-04,09:34:00,418.35,419.32,417.59,418.2915,259487
TSLA,2026-02-04,09:35:00,418.34,422.06,418.1262,422,366747
TSLA,2026-02-04,09:36:00,422.08,422.5,420.41,420.495,327396
TSLA,2026-02-04,09:37:00,420.44,421,419.79,420.79,190434
TSLA,2026-02-04,09:38:00,420.8,422.4,420.51,422.19,268031
TSLA,2026-02-04,09:39:00,422.145,423.45,421.67,423.2,340902
TSLA,2026-02-04,09:40:00,423.16,423.49,422.7873,422.7986,260621
TSLA,2026-02-04,09:41:00,422.77,423.67,422.66,423.455,275352
TSLA,2026-02-04,09:42:00,423.455,423.73,422.1181,422.4534,239851
TSLA,2026-02-04,09:43:00,422.49,423.7099,422.4,423.34,242789
TSLA,2026-02-04,09:44:00,423.37,423.4199,422.4,422.49,160172
TSLA,2026-02-04,09:45:00,422.49,422.5553,421.29,421.29,215480
TSLA,2026-02-04,09:46:00,421.345,422.41,421.01,422.31,189048
TSLA,2026-02-04,09:47:00,422.34,422.5536,421.18,421.1801,136104
TSLA,2026-02-04,09:48:00,421.24,422.25,421.22,421.933,169004
TSLA,2026-02-04,09:49:00,421.98,422.38,421.63,422.1499,173602
TSLA,2026-02-04,09:50:00,422.15,422.1799,420.63,421.22,242223
TSLA,2026-02-04,09:51:00,421.36,422.33,420.9473,422.075,200165
TSLA,2026-02-04,09:52:00,422.075,422.86,421.52,421.805,289598
TSLA,2026-02-04,09:53:00,421.76,421.878,420.2849,421.1103,245465
TSLA,2026-02-04,09:54:00,421.0101,423.3418,421.0101,423.3418,246864
TSLA,2026-02-04,09:55:00,423.36,423.9,422.19,422.39,308183
TSLA,2026-02-04,09:56:00,422.395,422.46,420.25,420.29,275777
TSLA,2026-02-04,09:57:00,420.31,420.32,419.2,419.5,257477
TSLA,2026-02-04,09:58:00,419.51,419.64,418.55,418.924,283180
TSLA,2026-02-04,09:59:00,418.8675,419.47,418.82,419.35,167351
TSLA,2026-02-05,09:30:00,397.015,398.4,396.11,397.17,1051397.0
TSLA,2026-02-05,09:31:00,397.1917,398.09,394.2393,394.335,637697
TSLA,2026-02-05,09:32:00,394.335,396.5995,392.84,396.16,552045
TSLA,2026-02-05,09:33:00,396.205,396.88,394.57,395.17,334919
TSLA,2026-02-05,09:34:00,395.34,398.57,395.11,398.43,383086
TSLA,2026-02-05,09:35:00,398.53,399.65,397.7,398.35,372102
TSLA,2026-02-05,09:36:00,398.35,399.075,397.25,398.6799,284142
TSLA,2026-02-05,09:37:00,398.62,400.25,397.82,400.0101,448810
TSLA,2026-02-05,09:38:00,400.0428,400.68,399.88,400.6434,287505
TSLA,2026-02-05,09:39:00,400.67,401.15,399.47,399.97,341776
TSLA,2026-02-05,09:40:00,400,400.4099,399.07,400.22,245985
TSLA,2026-02-05,09:41:00,400.22,400.32,397.86,397.86,287352
TSLA,2026-02-05,09:42:00,397.9,399.22,397.66,398.08,238236
TSLA,2026-02-05,09:43:00,398.11,400.09,397.73,400.01,285304
TSLA,2026-02-05,09:44:00,399.9895,400.47,399.3,399.335,191437
TSLA,2026-02-05,09:45:00,399.335,399.46,398.5,398.57,189507
TSLA,2026-02-05,09:46:00,398.565,399.26,398.19,398.36,170364
TSLA,2026-02-05,09:47:00,398.415,399.43,398.3601,398.61,130453
TSLA,2026-02-05,09:48:00,398.62,399.4198,397.83,397.89,195301
TSLA,2026-02-05,09:49:00,397.885,399.42,397.81,399.385,157729
TSLA,2026-02-05,09:50:00,399.38,400.08,399.02,399.315,258108
TSLA,2026-02-05,09:51:00,399.37,399.66,397.62,397.775,272803
TSLA,2026-02-05,09:52:00,397.73,398.1,396.42,397.555,271246
TSLA,2026-02-05,09:53:00,397.61,398.1,396.767,396.97,211144
TSLA,2026-02-05,09:54:00,396.9264,397.32,396.02,396.48,233184
TSLA,2026-02-05,09:55:00,396.46,396.98,395.95,396.71,224350
TSLA,2026-02-05,09:56:00,396.64,396.64,395.85,396.01,157433
TSLA,2026-02-05,09:57:00,396.0116,396.42,395.3,395.6234,210683
TSLA,2026-02-05,09:58:00,395.595,396.01,395.26,395.3,168485
TSLA,2026-02-05,09:59:00,395.34,395.71,394.75,395.45,345357
TSLA,2026-02-06,09:30:00,400.87,401.3,398.15,398.73,854118
TSLA,2026-02-06,09:31:00,399.02,400.75,398.5,399.43,242974
TSLA,2026-02-06,09:32:00,399.6985,401.1699,397.751,400.975,290411
TSLA,2026-02-06,09:33:00,401.106,402.2,400.16,401.5005,345037
TSLA,2026-02-06,09:34:00,401.495,402.97,401.47,402.8501,386466
TSLA,2026-02-06,09:35:00,402.91,404.49,402.28,404.14,475313
TSLA,2026-02-06,09:36:00,404.215,404.87,403.4501,404.66,405195
TSLA,2026-02-06,09:37:00,404.7067,404.74,403.11,403.5786,330580
TSLA,2026-02-06,09:38:00,403.49,405.45,403.45,405.405,373269
TSLA,2026-02-06,09:39:00,405.3866,405.86,404.33,404.6813,387274
TSLA,2026-02-06,09:40:00,404.7,404.89,403.24,403.6914,265306
TSLA,2026-02-06,09:41:00,403.67,403.82,402.54,402.66,270997
TSLA,2026-02-06,09:42:00,402.73,403.39,402.46,402.6854,242156
TSLA,2026-02-06,09:43:00,402.675,404.28,402.1,403.8599,307168
TSLA,2026-02-06,09:44:00,403.85,404.22,403.03,403.55,184816
TSLA,2026-02-06,09:45:00,403.51,405.48,403.51,405.38,308049
TSLA,2026-02-06,09:46:00,405.38,406.6,405.34,406.47,461686
TSLA,2026-02-06,09:47:00,406.5,406.87,405.84,406.66,254841
TSLA,2026-02-06,09:48:00,406.63,408.84,406.63,408.64,636862
TSLA,2026-02-06,09:49:00,408.6,408.67,407.27,408.06,488752
TSLA,2026-02-06,09:50:00,408.12,408.28,407.03,407.84,230463
TSLA,2026-02-06,09:51:00,407.845,408.8,407.17,408.51,284357
TSLA,2026-02-06,09:52:00,408.48,408.78,407.88,408.085,190042
TSLA,2026-02-06,09:53:00,408.09,408.46,407.61,407.7,198146
TSLA,2026-02-06,09:54:00,407.75,408.06,407.28,407.9155,238147
TSLA,2026-02-06,09:55:00,407.8701,408.3899,406.7,407.07,329264
TSLA,2026-02-06,09:56:00,407.105,407.6299,406.3,407.1902,257675
TSLA,2026-02-06,09:57:00,407.26,408.1999,406.64,408.13,269699
TSLA,2026-02-06,09:58:00,408.086,408.679,407.48,408.1416,266268
TSLA,2026-02-06,09:59:00,408.06,408.18,406.7,407.07,180315
TSLA,2026-02-09,09:30:00,409.905,410.9699,408.7767,409.9703,692751
TSLA,2026-02-09,09:31:00,409.9701,411.18,408.36,410.13,522998
TSLA,2026-02-09,09:32:00,410,410.11,407.6227,408.0306,357813
TSLA,2026-02-09,09:33:00,408.25,410.2,407.29,409.58,327398
TSLA,2026-02-09,09:34:00,409.515,410.1,408.5,409.96,243999
TSLA,2026-02-09,09:35:00,409.7801,410.83,409.44,410.53,286043
TSLA,2026-02-09,09:36:00,410.541,410.88,409.42,410.045,366786
TSLA,2026-02-09,09:37:00,410.0695,411.15,409.2,409.9882,298453
TSLA,2026-02-09,09:38:00,409.965,410.4599,409.31,410.08,193143
TSLA,2026-02-09,09:39:00,410.09,410.85,409.6349,410.62,252382
TSLA,2026-02-09,09:40:00,410.705,410.99,409.67,409.8567,231768
TSLA,2026-02-09,09:41:00,409.795,410.68,409.31,409.48,213388
TSLA,2026-02-09,09:42:00,409.51,409.8399,408.72,409.52,246752
TSLA,2026-02-09,09:43:00,409.421,410.02,409.1001,409.7794,187211
TSLA,2026-02-09,09:44:00,409.82,412.6117,409.805,412.3128,482676
TSLA,2026-02-09,09:45:00,412.31,413.403,412.24,413.16,385791
TSLA,2026-02-09,09:46:00,413.1516,413.66,412.6301,413.62,290642
TSLA,2026-02-09,09:47:00,413.5901,413.66,412.25,412.66,254235
TSLA,2026-02-09,09:48:00,412.6,413.15,412.01,412.86,201278
TSLA,2026-02-09,09:49:00,412.87,413.77,412.5,412.6854,225264
TSLA,2026-02-09,09:50:00,412.73,412.7999,411.48,412.2156,234417
TSLA,2026-02-09,09:51:00,412.335,412.47,411.6101,412.2,172344
TSLA,2026-02-09,09:52:00,412.145,412.36,410.85,411.18,234390
TSLA,2026-02-09,09:53:00,411.18,411.29,410.66,411.06,191668
TSLA,2026-02-09,09:54:00,411.01,411.95,410.65,411.77,173828
TSLA,2026-02-09,09:55:00,411.804,412.2999,410.74,410.9,168811
TSLA,2026-02-09,09:56:00,410.88,411.92,410.34,411.85,199044
TSLA,2026-02-09,09:57:00,411.8001,411.9199,410.1977,410.2636,167749
TSLA,2026-02-09,09:58:00,410.25,411.0753,410.08,410.46,141922
TSLA,2026-02-09,09:59:00,410.42,410.69,409.32,409.65,218675
TSLA,2026-02-10,09:30:00,418.08,421.99,417,421.315,825120
TSLA,2026-02-10,09:31:00,421.27,423.87,421.06,422.274,482226
TSLA,2026-02-10,09:32:00,422.33,423.75,421.5,422.8855,318040
TSLA,2026-02-10,09:33:00,422.9,423.5,422,423.44,269782
TSLA,2026-02-10,09:34:00,423.5,423.93,421.6859,422.25,292403
TSLA,2026-02-10,09:35:00,422.295,425.14,422.0113,424.9803,637039
TSLA,2026-02-10,09:36:00,425.03,425.48,424.0811,425.03,368244
TSLA,2026-02-10,09:37:00,425.075,425.4399,423.36,423.56,291859
TSLA,2026-02-10,09:38:00,423.56,423.72,421.7,422.3619,302745
TSLA,2026-02-10,09:39:00,422.4,423.25,421.88,422.68,226899
TSLA,2026-02-10,09:40:00,422.74,423.97,422.12,423.0197,312372
TSLA,2026-02-10,09:41:00,423.0299,423.18,421.8,422.535,217956
TSLA,2026-02-10,09:42:00,422.6099,422.61,421.53,421.6736,238087
TSLA,2026-02-10,09:43:00,421.6999,422.72,421.5507,422.255,228051
TSLA,2026-02-10,09:44:00,422.246,422.91,421.6,422.79,209043
TSLA,2026-02-10,09:45:00,422.75,422.84,421.4,421.96,259629
TSLA,2026-02-10,09:46:00,421.98,423.8,421.8,423.66,304551
TSLA,2026-02-10,09:47:00,423.662,423.84,422.33,422.34,197442
TSLA,2026-02-10,09:48:00,422.4,422.93,421.6,421.685,167634
TSLA,2026-02-10,09:49:00,421.65,421.89,420.888,421.68,270257
TSLA,2026-02-10,09:50:00,421.64,421.95,420.72,421.495,226177
TSLA,2026-02-10,09:51:00,421.46,422.18,420.88,422.0392,195929
TSLA,2026-02-10,09:52:00,422.01,422.34,421.0318,421.5799,190728
TSLA,2026-02-10,09:53:00,421.535,421.8899,421.066,421.5401,114494
TSLA,2026-02-10,09:54:00,421.595,421.9999,421.1687,421.83,106571
TSLA,2026-02-10,09:55:00,421.89,422.9,421.3,422.845,211538
TSLA,2026-02-10,09:56:00,422.845,423.5,422.6475,423.23,244495
TSLA,2026-02-10,09:57:00,423.2,423.57,422.81,423.5611,169590
TSLA,2026-02-10,09:58:00,423.555,423.97,422.92,423.0508,189008
TSLA,2026-02-10,09:59:00,423.0712,423.0983,422.28,422.32,165890
TSLA,2026-02-11,09:30:00,427.955,431.1725,427.955,431.0633,780209
TSLA,2026-02-11,09:31:00,431.1069,432.65,430.19,430.987,524911
TSLA,2026-02-11,09:32:00,430.96,433.11,430.0501,433.01,367628
TSLA,2026-02-11,09:33:00,433.05,435.63,432.53,435.52,643031
TSLA,2026-02-11,09:34:00,435.52,435.84,433.43,434.25,593575
TSLA,2026-02-11,09:35:00,434.24,435.6599,433.86,435.21,466746
TSLA,2026-02-11,09:36:00,435.165,436.35,434.2,434.425,565483
TSLA,2026-02-11,09:37:00,434.3449,434.97,433.72,434.77,386817
TSLA,2026-02-11,09:38:00,434.79,434.85,432.35,432.7499,435638
TSLA,2026-02-11,09:39:00,432.72,433.29,432.28,433.04,295507
TSLA,2026-02-11,09:40:00,433.01,434.44,432.67,434.17,318754
TSLA,2026-02-11,09:41:00,434.13,434.97,433.05,434.9599,311771
TSLA,2026-02-11,09:42:00,434.96,435.53,433.5,433.72,379759
TSLA,2026-02-11,09:43:00,433.6501,434.76,433.615,434.53,167430
TSLA,2026-02-11,09:44:00,434.56,435,434.23,434.725,189387
TSLA,2026-02-11,09:45:00,434.764,435.01,434.03,434.6946,221827
TSLA,2026-02-11,09:46:00,434.705,435.7113,434.11,434.515,310376
TSLA,2026-02-11,09:47:00,434.505,434.86,433.95,434.26,194814
TSLA,2026-02-11,09:48:00,434.27,435.88,434,435.7289,268615
TSLA,2026-02-11,09:49:00,435.67,435.8799,434.7101,435.115,237980
TSLA,2026-02-11,09:50:00,435.125,435.43,433.64,433.79,280687
TSLA,2026-02-11,09:51:00,433.81,435.26,433.68,434.62,203012
TSLA,2026-02-11,09:52:00,434.62,434.86,433.33,433.85,193691
TSLA,2026-02-11,09:53:00,433.87,433.97,433.08,433.485,163876
TSLA,2026-02-11,09:54:00,433.4989,433.66,433.02,433.4,144590
TSLA,2026-02-11,09:55:00,433.4,434,433.13,433.62,171060
TSLA,2026-02-11,09:56:00,433.59,433.7,432.36,432.61,292655
TSLA,2026-02-11,09:57:00,432.66,432.6716,431.51,432.24,281316
TSLA,2026-02-11,09:58:00,432.195,432.2899,431.16,431.18,214710
TSLA,2026-02-11,09:59:00,431.21,431.631,430.92,431.32,223920
TSLA,2026-02-12,09:30:00,430.3,433.9,429.71,433.685,737281
TSLA,2026-02-12,09:31:00,433.695,434.42,431.06,433.475,505096
TSLA,2026-02-12,09:32:00,433.505,434.1294,432.115,433.36,352902
TSLA,2026-02-12,09:33:00,433.34,433.85,432.43,433.63,255441
TSLA,2026-02-12,09:34:00,433.605,434.85,432.81,433.3801,415667
TSLA,2026-02-12,09:35:00,433.53,434.96,433.37,434.0751,334729
TSLA,2026-02-12,09:36:00,434,434.99,433.92,434.9564,346662
TSLA,2026-02-12,09:37:00,434.9098,435.89,434.85,435.58,514562
TSLA,2026-02-12,09:38:00,435.6,436.23,433.89,433.96,569927
TSLA,2026-02-12,09:39:00,433.9667,434.58,433.7,434.27,248695
TSLA,2026-02-12,09:40:00,434.27,434.8799,433.92,434.3399,239592
TSLA,2026-02-12,09:41:00,434.33,435.41,434.2735,434.67,271267
TSLA,2026-02-12,09:42:00,434.72,435.69,434.6,434.77,301266
TSLA,2026-02-12,09:43:00,434.83,434.99,433.92,434.8,272432
TSLA,2026-02-12,09:44:00,434.8111,434.87,433.652,434.03,249801
TSLA,2026-02-12,09:45:00,434.06,434.6211,431.55,431.6799,400160
TSLA,2026-02-12,09:46:00,431.6599,431.6599,430.6205,430.93,283475
TSLA,2026-02-12,09:47:00,430.96,431.28,430.55,430.7747,245751
TSLA,2026-02-12,09:48:00,430.775,431.51,430.5,431.2,220224
TSLA,2026-02-12,09:49:00,431.2,431.6999,429.86,430.2195,297918
TSLA,2026-02-12,09:50:00,430.2,430.22,429.45,429.755,304285
TSLA,2026-02-12,09:51:00,429.7551,429.7799,428.74,429.125,293258
TSLA,2026-02-12,09:52:00,429.16,429.94,429.02,429.929,243331
TSLA,2026-02-12,09:53:00,429.94,430.3799,429.35,429.4901,248875
TSLA,2026-02-12,09:54:00,429.5994,430.52,429.47,430.205,177581
TSLA,2026-02-12,09:55:00,430.17,430.31,429.31,429.5103,171023
TSLA,2026-02-12,09:56:00,429.545,429.6,428.33,428.4,219247
TSLA,2026-02-12,09:57:00,428.37,429.2,428.3,428.95,174624
TSLA,2026-02-12,09:58:00,429,429.4999,428.53,429.145,138012
TSLA,2026-02-12,09:59:00,429.12,429.19,428.14,428.65,195311
TSLA,2026-02-13,09:30:00,414.305,415.61,412.41,414.86,738435
TSLA,2026-02-13,09:31:00,414.7799,415.93,413.01,414.2,315836
TSLA,2026-02-13,09:32:00,414.255,417.19,413.5,417.18,321481
TSLA,2026-02-13,09:33:00,417.13,417.7,415.2,415.7525,279530
TSLA,2026-02-13,09:34:00,415.6,416.44,414.39,414.715,222096
TSLA,2026-02-13,09:35:00,414.6501,415.21,413.51,415.1034,270922
TSLA,2026-02-13,09:36:00,415.0987,415.45,414.26,415.16,184059
TSLA,2026-02-13,09:37:00,415.135,416.66,414.28,414.489,230115
TSLA,2026-02-13,09:38:00,414.46,415.34,414,414.965,164273
TSLA,2026-02-13,09:39:00,415.05,415.21,413.4,413.4959,209375
TSLA,2026-02-13,09:40:00,413.545,413.7,412.29,412.524,344249
TSLA,2026-02-13,09:41:00,412.605,412.89,411.81,412.01,277928
TSLA,2026-02-13,09:42:00,412,412.07,410.88,411.285,365159
TSLA,2026-02-13,09:43:00,411.35,413.4,411.29,413.13,265667
TSLA,2026-02-13,09:44:00,413.155,414.13,412.41,413.85,263079
TSLA,2026-02-13,09:45:00,413.8,416.3,413.58,416.2853,318003
TSLA,2026-02-13,09:46:00,416.23,416.99,415.33,415.33,396069
TSLA,2026-02-13,09:47:00,415.34,415.91,414.39,415.535,279903
TSLA,2026-02-13,09:48:00,415.58,416.34,415.4,415.945,165158
TSLA,2026-02-13,09:49:00,416.08,416.46,414.627,414.815,197128
TSLA,2026-02-13,09:50:00,414.74,414.92,412.5,413.24,263537
TSLA,2026-02-13,09:51:00,413.24,414.185,412.7,413.88,185462
TSLA,2026-02-13,09:52:00,413.97,414.1799,412.6,413.37,141082
TSLA,2026-02-13,09:53:00,413.39,415.56,413.3401,414.38,231770
TSLA,2026-02-13,09:54:00,414.46,415.72,414.15,414.15,148661
TSLA,2026-02-13,09:55:00,414.16,416.25,414.15,415.6901,168407
TSLA,2026-02-13,09:56:00,415.685,415.94,412.9,412.96,194161
TSLA,2026-02-13,09:57:00,412.9,413.6399,412.75,412.8193,167597
TSLA,2026-02-13,09:58:00,412.78,413.85,412.77,413.5901,149377
TSLA,2026-02-13,09:59:00,413.5301,413.84,413.28,413.515,139848
TSLA,2026-02-17,09:30:00,412.36,413.72,409.11,409.25,793223
TSLA,2026-02-17,09:31:00,409.26,409.88,408.02,409.21,476822
TSLA,2026-02-17,09:32:00,409.265,409.57,407.41,408.205,384299
TSLA,2026-02-17,09:33:00,408.15,408.56,407.53,408.37,240249
TSLA,2026-02-17,09:34:00,408.41,409.6,407.85,409.3624,284585
TSLA,2026-02-17,09:35:00,409.35,410.9,408.57,410.77,336367
TSLA,2026-02-17,09:36:00,410.76,411.8,410.35,410.6375,360908
TSLA,2026-02-17,09:37:00,410.6844,412.4299,410.47,412.2393,256846
TSLA,2026-02-17,09:38:00,412.24,412.45,411.21,411.49,183862
TSLA,2026-02-17,09:39:00,411.52,412.76,411.0995,412.4,193673
TSLA,2026-02-17,09:40:00,412.37,412.9899,411.83,412.38,205049
TSLA,2026-02-17,09:41:00,412.365,412.93,412,412.485,114664
TSLA,2026-02-17,09:42:00,412.54,412.9,411.22,411.36,202492
TSLA,2026-02-17,09:43:00,411.2701,411.655,409.1,409.305,333585
TSLA,2026-02-17,09:44:00,409.295,409.84,408.89,409.345,277229
TSLA,2026-02-17,09:45:00,409.4,409.5,408.33,408.4795,263888
TSLA,2026-02-17,09:46:00,408.46,410.28,408.26,409.74,328873
TSLA,2026-02-17,09:47:00,409.74,409.89,407.48,407.59,270204
TSLA,2026-02-17,09:48:00,407.55,408.6999,407.49,407.985,236183
TSLA,2026-02-17,09:49:00,408.01,408.7,407.72,408.68,203532
TSLA,2026-02-17,09:50:00,408.56,408.74,405.7,406.13,562395
TSLA,2026-02-17,09:51:00,406.07,406.47,405.55,405.85,321598
TSLA,2026-02-17,09:52:00,405.85,406.15,405.28,405.455,259069
TSLA,2026-02-17,09:53:00,405.45,405.75,404.04,404.36,459154
TSLA,2026-02-17,09:54:00,404.4,404.5,403.634,403.87,306653
TSLA,2026-02-17,09:55:00,403.86,404.2,403.47,403.95,285315
TSLA,2026-02-17,09:56:00,403.98,404.88,403.98,404.57,402441
TSLA,2026-02-17,09:57:00,404.525,405.17,403.33,403.69,351447
TSLA,2026-02-17,09:58:00,403.66,403.84,403.1,403.175,257834
TSLA,2026-02-17,09:59:00,403.18,403.54,402.65,403.15,393337
TSLA,2026-02-18,09:30:00,411.11,412.03,409.73,411.835,439623
TSLA,2026-02-18,09:31:00,411.7,413.51,410.14,413.385,282415
TSLA,2026-02-18,09:32:00,413.45,413.53,410.03,411.1401,297796
TSLA,2026-02-18,09:33:00,411.32,414.0972,410.14,412.82,356360
TSLA,2026-02-18,09:34:00,412.75,412.87,410.14,411.1099,204309
TSLA,2026-02-18,09:35:00,411.04,411.93,410.14,411.055,183514
TSLA,2026-02-18,09:36:00,411.055,411.57,410.14,410.7499,179850
TSLA,2026-02-18,09:37:00,410.72,411.3299,410.08,410.5051,171903
TSLA,2026-02-18,09:38:00,410.6288,412.22,410.14,411.7571,212214
TSLA,2026-02-18,09:39:00,411.79,411.9626,409.86,410.27,205493
TSLA,2026-02-18,09:40:00,410.2782,411.31,409.58,410.69,224213
TSLA,2026-02-18,09:41:00,410.61,411.64,410.2,411.23,262468
TSLA,2026-02-18,09:42:00,411.23,412.12,410.7,411.765,182340
TSLA,2026-02-18,09:43:00,411.66,412.2699,411.49,411.98,156039
TSLA,2026-02-18,09:44:00,411.87,411.9999,410.58,411.3,180535
TSLA,2026-02-18,09:45:00,411.3,412.8199,411.2076,412.514,230959
TSLA,2026-02-18,09:46:00,412.62,412.97,411.73,411.94,165518
TSLA,2026-02-18,09:47:00,412,412.39,411.61,412.11,164018
TSLA,2026-02-18,09:48:00,412.105,412.1699,410.66,411.42,204426
TSLA,2026-02-18,09:49:00,411.465,411.5699,410.28,410.35,164909
TSLA,2026-02-18,09:50:00,410.3358,411.0358,410.28,410.45,144285
TSLA,2026-02-18,09:51:00,410.45,410.7,410.13,410.63,152057
TSLA,2026-02-18,09:52:00,410.6376,411.77,410.44,411.2076,180362
TSLA,2026-02-18,09:53:00,411.18,411.2,410.4,410.8,78851
TSLA,2026-02-18,09:54:00,410.76,411.8,410.4716,411.54,153082
TSLA,2026-02-18,09:55:00,411.4201,411.6399,411.2,411.28,103566
TSLA,2026-02-18,09:56:00,411.25,411.92,411.21,411.7,118806
TSLA,2026-02-18,09:57:00,411.76,412.49,411.745,412.31,199610
TSLA,2026-02-18,09:58:00,412.33,413.1,412.24,412.9725,206047
TSLA,2026-02-18,09:59:00,412.98,413.15,412.3,412.54,168978
TSLA,2026-02-19,09:30:00,407.25,407.43,405.43,406.02,528037
TSLA,2026-02-19,09:31:00,406.04,406.33,404.46,405.5401,383432
TSLA,2026-02-19,09:32:00,405.6186,406.32,404.735,404.76,256580
TSLA,2026-02-19,09:33:00,404.785,406.78,404.51,406.57,332576
TSLA,2026-02-19,09:34:00,406.6219,406.89,405.78,405.895,215663
TSLA,2026-02-19,09:35:00,405.935,406,404.86,405.145,234534
TSLA,2026-02-19,09:36:00,405.12,405.2288,404.11,404.28,342645
TSLA,2026-02-19,09:37:00,404.315,405.63,404.17,405.575,260546
TSLA,2026-02-19,09:38:00,405.5715,405.82,404.64,405.19,214662
TSLA,2026-02-19,09:39:00,405.19,406.35,405.1384,405.28,237968
TSLA,2026-02-19,09:40:00,405.29,405.48,404.57,405.3,210749
TSLA,2026-02-19,09:41:00,405.28,405.86,405,405.125,202907
TSLA,2026-02-19,09:42:00,405.16,406.5793,404.98,406.525,232037
TSLA,2026-02-19,09:43:00,406.52,406.5797,405.64,406.1855,162358
TSLA,2026-02-19,09:44:00,406.17,406.83,405.95,406.18,183637
TSLA,2026-02-19,09:45:00,406.185,406.33,404.68,404.7486,291459
TSLA,2026-02-19,09:46:00,404.66,406.93,404.63,406.89,237117
TSLA,2026-02-19,09:47:00,406.93,407.14,406.54,406.648,205646
TSLA,2026-02-19,09:48:00,406.56,406.98,406.26,406.78,136617
TSLA,2026-02-19,09:49:00,406.84,406.87,406.21,406.42,110799
TSLA,2026-02-19,09:50:00,406.465,407.45,406.4408,407.3286,219379
TSLA,2026-02-19,09:51:00,407.26,407.869,406.9,407.085,226663
TSLA,2026-02-19,09:52:00,407.08,408.11,407.03,407.925,201302
TSLA,2026-02-19,09:53:00,407.95,408.74,407.67,408.63,218920
TSLA,2026-02-19,09:54:00,408.665,408.8,407.82,407.91,200880
TSLA,2026-02-19,09:55:00,407.89,409.19,407.75,409.085,186912
TSLA,2026-02-19,09:56:00,409.1,409.4313,408.8,409.3599,222480
TSLA,2026-02-19,09:57:00,409.34,409.54,408.84,409.03,155400
TSLA,2026-02-19,09:58:00,408.98,409.0059,408.4,408.745,174971
TSLA,2026-02-19,09:59:00,408.745,408.86,408.4,408.6528,124116
TSLA,2026-02-20,09:30:00,408.3,408.5626,405.5,407.17,912279
TSLA,2026-02-20,09:31:00,407.08,408.2,406.72,407.5,256615
TSLA,2026-02-20,09:32:00,407.57,407.77,406.72,407.265,181922
TSLA,2026-02-20,09:33:00,407.255,408.87,407.0101,408.5254,280009
TSLA,2026-02-20,09:34:00,408.35,408.6899,407.82,408.3478,143730
TSLA,2026-02-20,09:35:00,408.43,410.17,407.79,410.03,344009
TSLA,2026-02-20,09:36:00,410.05,410.2,409.2,409.52,295666
TSLA,2026-02-20,09:37:00,409.52,409.99,409.12,409.285,176137
TSLA,2026-02-20,09:38:00,409.3958,409.9,409.1,409.71,175450
TSLA,2026-02-20,09:39:00,409.58,410.38,409.25,409.93,188028
TSLA,2026-02-20,09:40:00,410.01,410.3,409.26,409.39,189792
TSLA,2026-02-20,09:41:00,409.4,409.6,408.9101,409.155,161627
TSLA,2026-02-20,09:42:00,409.21,409.9599,408.96,409.8299,170756
TSLA,2026-02-20,09:43:00,409.79,410.44,409.1,409.29,238486
TSLA,2026-02-20,09:44:00,409.3102,410.25,409.08,410.2125,117910
TSLA,2026-02-20,09:45:00,410.26,410.49,409.7,409.8819,137261
TSLA,2026-02-20,09:46:00,409.88,410.738,409.86,410.62,176936
TSLA,2026-02-20,09:47:00,410.7,410.74,409.34,409.67,200508
TSLA,2026-02-20,09:48:00,409.6,409.95,409.38,409.445,175521
TSLA,2026-02-20,09:49:00,409.4,409.6,409.16,409.25,161370
TSLA,2026-02-20,09:50:00,409.2689,409.45,408.23,408.61,312972
TSLA,2026-02-20,09:51:00,408.5,408.71,408.02,408.17,171285
TSLA,2026-02-20,09:52:00,408.11,408.79,408.11,408.365,165651
TSLA,2026-02-20,09:53:00,408.365,408.93,408.07,408.3,165498
TSLA,2026-02-20,09:54:00,408.34,408.4099,407.64,408.05,189719
TSLA,2026-02-20,09:55:00,408.11,408.37,407.92,408.06,111653
TSLA,2026-02-20,09:56:00,408.1,408.32,407.93,408.155,113439
TSLA,2026-02-20,09:57:00,408.13,408.13,407.69,407.9324,151236
TSLA,2026-02-20,09:58:00,407.959,408.2,407.67,408.08,98726
TSLA,2026-02-20,09:59:00,408.1484,408.54,407.76,408.47,169623
TSLA,2026-02-23,09:30:00,407.285,407.7,406.35,406.78,524484.00268
TSLA,2026-02-23,09:31:00,406.81,406.88,404.77,404.859,573213.24271
TSLA,2026-02-23,09:32:00,404.91,405.95,404.45,405.21,419705.808445
TSLA,2026-02-23,09:33:00,405.18,405.98,404.79,405.895,282888.012583
TSLA,2026-02-23,09:34:00,405.895,406.74,405.5,406.36,297228.885876
TSLA,2026-02-23,09:35:00,406.31,406.69,405.66,405.7482,256652.405183
TSLA,2026-02-23,09:36:00,405.75,405.75,404.4,404.93,481424.932634
TSLA,2026-02-23,09:37:00,404.905,405.6,404.41,405.42,311577.240987
TSLA,2026-02-23,09:38:00,405.47,405.87,404.95,405.35,264616.30923
TSLA,2026-02-23,09:39:00,405.335,405.37,404.53,404.9247,244236.694653
TSLA,2026-02-23,09:40:00,404.885,405.17,403.42,403.5,432716.932426
TSLA,2026-02-23,09:41:00,403.5,403.98,403.11,403.465,345205.68994
TSLA,2026-02-23,09:42:00,403.43,403.9482,403.09,403.86,251077.614368
TSLA,2026-02-23,09:43:00,403.77,403.84,402.95,403.18,285255.75977
TSLA,2026-02-23,09:44:00,403.21,403.66,402.69,402.94,293836.093151
TSLA,2026-02-23,09:45:00,402.86,403.34,402.5,402.79,302423.201103
TSLA,2026-02-23,09:46:00,402.79,403.89,402.48,403.6676,294728.611607
TSLA,2026-02-23,09:47:00,403.68,403.8,402.84,402.84,307245.240883
TSLA,2026-02-23,09:48:00,402.84,403.52,402.8,403.44,187206.304944
TSLA,2026-02-23,09:49:00,403.45,403.48,402.9,403.05,191548.3037
TSLA,2026-02-23,09:50:00,403.0999,403.9,402.56,403.7772,305583.683832
TSLA,2026-02-23,09:51:00,403.815,404.18,403.23,403.3475,263106.884429
TSLA,2026-02-23,09:52:00,403.365,403.43,402.41,402.66,238066.207763
TSLA,2026-02-23,09:53:00,402.68,403.28,402.6,403.045,187369.328053
TSLA,2026-02-23,09:54:00,403.045,403.13,402.42,402.645,229990.172136
TSLA,2026-02-23,09:55:00,402.62,402.77,402.32,402.7425,201636.344966
TSLA,2026-02-23,09:56:00,402.7275,403.03,402.51,402.97,155476.286855
TSLA,2026-02-23,09:57:00,402.97,403.27,402.765,402.94,187630.408724
TSLA,2026-02-23,09:58:00,402.9127,402.9127,402.47,402.595,159544.904046
TSLA,2026-02-23,09:59:00,402.6233,402.94,402.47,402.78,125995.370256
TSLA,2026-02-24,09:30:00,399.5,401.52,399.14,400.9,712312.633591
TSLA,2026-02-24,09:31:00,400.9925,401.48,399.4,399.535,436025.575301
TSLA,2026-02-24,09:32:00,399.52,399.8032,397.64,398.31,334851.973608
TSLA,2026-02-24,09:33:00,398.29,400.18,398.24,399.95,312761.878037
TSLA,2026-02-24,09:34:00,400.05,401.35,399.88,401.21,369118.178168
TSLA,2026-02-24,09:35:00,401.24,401.58,400.73,401.005,236328.02196
TSLA,2026-02-24,09:36:00,400.96,401.12,399.5224,400.3201,284582.548342
TSLA,2026-02-24,09:37:00,400.365,401.73,399.4307,401.62,324695.941962
TSLA,2026-02-24,09:38:00,401.575,402.3895,401.27,402.2302,356078.522572
TSLA,2026-02-24,09:39:00,402.235,402.5399,401.71,401.78,324953.827415
TSLA,2026-02-24,09:40:00,401.8401,402.31,400.56,401.026,260350.257185
TSLA,2026-02-24,09:41:00,401.08,401.9,400.86,401.6693,188440.283841
TSLA,2026-02-24,09:42:00,401.68,401.805,401.115,401.37,95851.518431
TSLA,2026-02-24,09:43:00,401.395,401.71,401.15,401.44,122199.690232
TSLA,2026-02-24,09:44:00,401.4785,402.58,401.3,402.52,281322.869154
TSLA,2026-02-24,09:45:00,402.5,402.73,402.07,402.19,266477.209
TSLA,2026-02-24,09:46:00,402.24,402.87,401.83,402.3,246947.461282
TSLA,2026-02-24,09:47:00,402.33,402.8,402.09,402.655,173471.126509
TSLA,2026-02-24,09:48:00,402.655,402.9551,402.3,402.56,201814.128418
TSLA,2026-02-24,09:49:00,402.57,403.39,402.54,403.24,275441.268359
TSLA,2026-02-24,09:50:00,403.24,403.65,402.97,403.2101,256182.634625
TSLA,2026-02-24,09:51:00,403.23,403.58,402.9,403.0318,239992.39907
TSLA,2026-02-24,09:52:00,403.06,403.34,402.58,403.255,201413.957123
TSLA,2026-02-24,09:53:00,403.27,403.45,402.625,403.19,212432.63521
TSLA,2026-02-24,09:54:00,403.19,403.58,402.33,402.49,238889.51668
TSLA,2026-02-24,09:55:00,402.5,402.7,401.9,402.12,215081.771825
TSLA,2026-02-24,09:56:00,402.16,403.35,402.08,402.2918,218118.913999
TSLA,2026-02-24,09:57:00,402.305,403.7,402.2205,403.4343,206648.077301
TSLA,2026-02-24,09:58:00,403.46,403.67,402.5,402.5473,167055.330173
TSLA,2026-02-24,09:59:00,402.525,402.91,402.4401,402.48,148733.562798
TSLA,2026-02-25,09:30:00,412.15,415.47,412.15,415.25,916070.459304
TSLA,2026-02-25,09:31:00,415.263,417.57,414.9,417.37,732152.291543
TSLA,2026-02-25,09:32:00,417.36,419.45,417.3201,419.15,971766.330378
TSLA,2026-02-25,09:33:00,419.16,419.565,418.33,418.64,704689.943557
TSLA,2026-02-25,09:34:00,418.5701,419.04,417.9385,418.38,406707.177468
TSLA,2026-02-25,09:35:00,418.4,420.34,418.34,419.32,702885.132787
TSLA,2026-02-25,09:36:00,419.34,419.3596,418.18,418.87,324283.24635
TSLA,2026-02-25,09:37:00,418.8448,419.4,418.3,418.44,259867.562888
TSLA,2026-02-25,09:38:00,418.4554,418.65,417.8,418.36,338560.95785
TSLA,2026-02-25,09:39:00,418.36,419.32,418.2,418.95,322606.11684
TSLA,2026-02-25,09:40:00,418.88,418.98,417.77,418.46,414066.396257
TSLA,2026-02-25,09:41:00,418.4451,418.8,417.7502,418.76,277788.914698
TSLA,2026-02-25,09:42:00,418.7299,419.22,417.78,418,307134.312107
TSLA,2026-02-25,09:43:00,418.04,418.36,417.45,417.5185,303210.661347
TSLA,2026-02-25,09:44:00,417.5275,417.54,416.9,416.9359,272741.349625
TSLA,2026-02-25,09:45:00,416.94,418.05,416.84,417.1601,362524.490319
TSLA,2026-02-25,09:46:00,417.195,417.75,416.84,417.48,199825.048332
TSLA,2026-02-25,09:47:00,417.465,417.95,417.18,417.83,193671.02497
TSLA,2026-02-25,09:48:00,417.82,417.8799,417.25,417.78,137555.497362
TSLA,2026-02-25,09:49:00,417.79,418.12,416.74,416.77,267384.447725
TSLA,2026-02-25,09:50:00,416.7508,417.33,416.11,416.85,305938.451214
TSLA,2026-02-25,09:51:00,416.86,417,416.22,416.26,216162.728102
TSLA,2026-02-25,09:52:00,416.34,416.49,415.9398,416.2901,204807.812877
TSLA,2026-02-25,09:53:00,416.33,416.38,415.7,415.72,169187.752463
TSLA,2026-02-25,09:54:00,415.74,415.745,415.42,415.6141,185205.349805
TSLA,2026-02-25,09:55:00,415.595,416.09,415.56,415.94,300654.235294
TSLA,2026-02-25,09:56:00,415.9201,415.9734,415.42,415.58,172100.338306
TSLA,2026-02-25,09:57:00,415.59,415.74,415.29,415.5599,176400.465576
TSLA,2026-02-25,09:58:00,415.56,416.06,415.16,415.79,260691.373695
TSLA,2026-02-25,09:59:00,415.7601,416.2799,415.53,415.785,168291.951257
TSLA,2026-02-26,09:30:00,414.42,416.81,413.09,413.4,714510.38378
TSLA,2026-02-26,09:31:00,413.34,413.41,412.33,413.09,367323.113754
TSLA,2026-02-26,09:32:00,413.13,414.1999,411.67,412.005,442515.713566
TSLA,2026-02-26,09:33:00,412.005,412.49,410.92,412.245,358016.000824
TSLA,2026-02-26,09:34:00,412.1901,412.51,411.35,411.57,250748.213143
TSLA,2026-02-26,09:35:00,411.645,412.35,411.03,411.119,319194.823407
TSLA,2026-02-26,09:36:00,411.14,411.35,410.37,410.4704,357183.063874
TSLA,2026-02-26,09:37:00,410.5,411.4,410.47,410.51,357342.839983
TSLA,2026-02-26,09:38:00,410.535,411.65,410.4901,411.15,241568.581033
TSLA,2026-02-26,09:39:00,411.15,411.71,411.07,411.3299,240396.659091
TSLA,2026-02-26,09:40:00,411.22,411.39,410.64,410.75,242644.834052
TSLA,2026-02-26,09:41:00,410.75,411.345,410.64,411.1225,281628.667328
TSLA,2026-02-26,09:42:00,411.085,411.3,410.78,410.835,215883.64512
TSLA,2026-02-26,09:43:00,410.87,411.2,410.12,411.06,434665.539153
TSLA,2026-02-26,09:44:00,411.1,412.35,410.9201,412.08,395942.978913
TSLA,2026-02-26,09:45:00,412.06,412.3,410.76,410.96,274488.540377
TSLA,2026-02-26,09:46:00,410.93,413.1,410.85,412.83,333002.579935
TSLA,2026-02-26,09:47:00,412.8202,412.9,411.96,412.3422,193781.205044
TSLA,2026-02-26,09:48:00,412.28,412.28,411.64,411.7401,174322.426841
TSLA,2026-02-26,09:49:00,411.81,411.9734,411.38,411.87,185781.401836
TSLA,2026-02-26,09:50:00,411.8406,412.9413,411.77,412.505,234535.081579
TSLA,2026-02-26,09:51:00,412.465,412.55,411.71,412.0601,200231.747885
TSLA,2026-02-26,09:52:00,412.105,412.37,411.82,411.85,153469.697568
TSLA,2026-02-26,09:53:00,411.88,412.6,411.7,412.49,181277.511823
TSLA,2026-02-26,09:54:00,412.45,412.8299,412.15,412.6299,147817.720021
TSLA,2026-02-26,09:55:00,412.63,413.5999,412.57,412.98,255447.374138
TSLA,2026-02-26,09:56:00,412.9401,413.63,412.84,413.13,203378.204391
TSLA,2026-02-26,09:57:00,413.12,413.2599,412.71,412.885,157792.345318
TSLA,2026-02-26,09:58:00,412.885,413.41,412.47,413.1501,179179.139773
TSLA,2026-02-26,09:59:00,413.16,413.28,412.7201,413.07,131568.76431
TSLA,2026-02-27,09:30:00,402.94,404.5,402.01,402.85,581865.03809
TSLA,2026-02-27,09:31:00,402.88,403,400.9,401.945,424727.874941
TSLA,2026-02-27,09:32:00,401.9999,403.44,401.83,403.0932,301637.995668
TSLA,2026-02-27,09:33:00,403.09,404.5,403.08,403.99,349970.713372
TSLA,2026-02-27,09:34:00,403.95,404.485,403.38,403.89,185484.275098
TSLA,2026-02-27,09:35:00,403.92,404.75,403.69,404.245,230719.780838
TSLA,2026-02-27,09:36:00,404.18,405.05,403.93,404.82,239429.404928
TSLA,2026-02-27,09:37:00,404.7921,405.22,403.3732,403.5618,289238.144771
TSLA,2026-02-27,09:38:00,403.5799,404.82,403.49,404.3099,185741.114337
TSLA,2026-02-27,09:39:00,404.22,405.52,403.8762,405.2095,265415.248195
TSLA,2026-02-27,09:40:00,405.12,405.21,404.23,404.23,181606.432262
TSLA,2026-02-27,09:41:00,404.26,404.4999,403.58,403.87,139663.572034
TSLA,2026-02-27,09:42:00,403.86,403.87,402.8,402.82,189213.671389
TSLA,2026-02-27,09:43:00,402.81,402.9,401.41,401.84,332356.011671
TSLA,2026-02-27,09:44:00,401.82,403.28,401.77,402.855,257991.210686
TSLA,2026-02-27,09:45:00,402.85,403.67,402.4201,403.0293,266157.583735
TSLA,2026-02-27,09:46:00,402.97,404.12,402.92,403.59,186401.271354
TSLA,2026-02-27,09:47:00,403.73,403.75,403.0601,403.0601,123239.868573
TSLA,2026-02-27,09:48:00,403.0733,404.123,402.65,403.975,203922.309442
TSLA,2026-02-27,09:49:00,404.02,404.43,403.84,404.065,161404.938595
TSLA,2026-02-27,09:50:00,404.075,404.2564,403.45,403.5951,161779.717133
TSLA,2026-02-27,09:51:00,403.62,404.33,403.55,403.84,135898.059855
TSLA,2026-02-27,09:52:00,403.77,403.77,403,403.395,419155.325606
TSLA,2026-02-27,09:53:00,403.38,403.76,403.11,403.7191,116935.280715
TSLA,2026-02-27,09:54:00,403.6701,404.08,403.25,403.28,131441.456295
TSLA,2026-02-27,09:55:00,403.28,403.38,402.74,402.8,140501.512799
TSLA,2026-02-27,09:56:00,402.84,403.2,402.65,403.115,138921.961057
TSLA,2026-02-27,09:57:00,403.115,403.66,402.84,402.92,142959.457605
TSLA,2026-02-27,09:58:00,402.9,403.215,402.78,403.04,81575.778701
TSLA,2026-02-27,09:59:00,403.08,403.4,402.91,403.205,86521.56491
AAPL,2026-02-02,09:30:00,260.03,261.59,259.61,261.5564,1714354.0
AAPL,2026-02-02,09:31:00,261.51,263.45,260.7,263.3367,841187
AAPL,2026-02-02,09:32:00,263.355,263.97,262.55,263.89,536117
AAPL,2026-02-02,09:33:00,263.945,263.945,262.06,262.46,509230
AAPL,2026-02-02,09:34:00,262.47,263,262.4601,262.7899,243169
AAPL,2026-02-02,09:35:00,262.7001,262.7699,260.8244,261.0139,395017
AAPL,2026-02-02,09:36:00,260.975,262.3401,260.73,261.635,338641
AAPL,2026-02-02,09:37:00,261.62,261.91,260.2501,260.32,261285
AAPL,2026-02-02,09:38:00,260.34,260.41,259.83,260.05,470299
AAPL,2026-02-02,09:39:00,260.007,260.01,259.29,259.345,230500
AAPL,2026-02-02,09:40:00,259.37,260.58,259.205,260.4425,256702
AAPL,2026-02-02,09:41:00,260.39,260.62,259.74,260,191251
AAPL,2026-02-02,09:42:00,260,260.61,259.89,260.42,247032
AAPL,2026-02-02,09:43:00,260.4545,260.99,260.39,260.84,189163
AAPL,2026-02-02,09:44:00,260.845,261.18,260.55,261.1579,175168
AAPL,2026-02-02,09:45:00,261.17,261.61,261.07,261.17,272118
AAPL,2026-02-02,09:46:00,261.14,262.05,260.92,262.005,263440
AAPL,2026-02-02,09:47:00,262.01,262.01,261.51,261.68,137155
AAPL,2026-02-02,09:48:00,261.72,262.5499,261.72,262.45,159409
AAPL,2026-02-02,09:49:00,262.4601,262.85,262.27,262.81,205876
AAPL,2026-02-02,09:50:00,262.79,263.58,262.79,263.43,277162
AAPL,2026-02-02,09:51:00,263.37,263.77,263.33,263.68,345937
AAPL,2026-02-02,09:52:00,263.53,263.57,262.845,263.48,230837
AAPL,2026-02-02,09:53:00,263.48,263.58,263.26,263.58,187268
AAPL,2026-02-02,09:54:00,263.57,263.6,262.66,263.29,253927
AAPL,2026-02-02,09:55:00,263.325,263.5201,263.24,263.52,156641
AAPL,2026-02-02,09:56:00,263.52,263.75,263.18,263.3501,258698
AAPL,2026-02-02,09:57:00,263.388,263.93,263.28,263.76,238998
AAPL,2026-02-02,09:58:00,263.79,263.79,263.22,263.32,235484
AAPL,2026-02-02,09:59:00,263.335,263.6055,263.08,263.2,224855
AAPL,2026-02-03,09:30:00,269.2,269.98,269.07,269.905,1121498.0
AAPL,2026-02-03,09:31:00,269.905,270.33,268.68,268.71,566188
AAPL,2026-02-03,09:32:00,268.71,270.12,268.51,269.8186,338430
AAPL,2026-02-03,09:33:00,269.84,270.2299,269.15,269.21,149396
AAPL,2026-02-03,09:34:00,269.1,269.62,268.9,269.47,146034
AAPL,2026-02-03,09:35:00,269.465,269.68,268.83,269.32,227871
AAPL,2026-02-03,09:36:00,269.38,269.65,268.3159,268.37,207740
AAPL,2026-02-03,09:37:00,268.37,268.76,268.1283,268.74,175470
AAPL,2026-02-03,09:38:00,268.6845,268.78,268.18,268.3881,149285
AAPL,2026-02-03,09:39:00,268.44,269,268.3572,268.62,134106
AAPL,2026-02-03,09:40:00,268.58,269.06,268.46,268.46,146802
AAPL,2026-02-03,09:41:00,268.505,268.54,268.1201,268.4775,103032
AAPL,2026-02-03,09:42:00,268.51,268.95,268.36,268.465,164060
AAPL,2026-02-03,09:43:00,268.43,268.445,267.68,268,222919
AAPL,2026-02-03,09:44:00,267.95,268.3,267.82,268.21,110753
AAPL,2026-02-03,09:45:00,268.23,268.635,268.14,268.565,100844
AAPL,2026-02-03,09:46:00,268.57,268.755,268.19,268.69,138600
AAPL,2026-02-03,09:47:00,268.685,269.27,268.675,269.2,185234
AAPL,2026-02-03,09:48:00,269.22,269.79,269.1,269.77,169124
AAPL,2026-02-03,09:49:00,269.79,269.86,269.43,269.765,171111
AAPL,2026-02-03,09:50:00,269.74,270.0946,269.3901,269.98,159930
AAPL,2026-02-03,09:51:00,269.995,270.23,269.82,270.1684,232332
AAPL,2026-02-03,09:52:00,270.2,270.7,269.95,270.42,256631
AAPL,2026-02-03,09:53:00,270.4525,270.78,270.26,270.78,177720
AAPL,2026-02-03,09:54:00,270.745,270.97,270.6013,270.9182,252647
AAPL,2026-02-03,09:55:00,270.93,271.39,270.93,271.364,332386
AAPL,2026-02-03,09:56:00,271.38,271.58,271.21,271.285,334593
AAPL,2026-02-03,09:57:00,271.26,271.4199,270.37,270.65,308896
AAPL,2026-02-03,09:58:00,270.635,270.7399,270.33,270.59,223002
AAPL,2026-02-03,09:59:00,270.58,270.63,270.25,270.3607,196036
AAPL,2026-02-04,09:30:00,272.285,274.12,272.285,274.115,1346334.0
AAPL,2026-02-04,09:31:00,274.15,274.18,272.94,273.355,283814
AAPL,2026-02-04,09:32:00,273.35,273.46,272.5,273.155,246037
AAPL,2026-02-04,09:33:00,273.19,273.99,272.95,273.87,673178
AAPL,2026-02-04,09:34:00,273.835,274.83,273.74,274.615,702044
AAPL,2026-02-04,09:35:00,274.63,275.6,274.54,275.1,887804
AAPL,2026-02-04,09:36:00,275.12,275.56,275,275.4107,346444
AAPL,2026-02-04,09:37:00,275.42,276.12,275.42,275.88,404080
AAPL,2026-02-04,09:38:00,275.89,276.19,275.7,275.97,343953
AAPL,2026-02-04,09:39:00,275.97,276.09,275.41,275.575,323470
AAPL,2026-02-04,09:40:00,275.58,275.8,275.06,275.46,238550
AAPL,2026-02-04,09:41:00,275.48,275.81,275.065,275.6398,243019
AAPL,2026-02-04,09:42:00,275.65,276.356,275.5312,276.295,328227
AAPL,2026-02-04,09:43:00,276.28,277.04,276.27,276.85,566630
AAPL,2026-02-04,09:44:00,276.8951,277.06,276.58,276.58,256793
AAPL,2026-02-04,09:45:00,276.595,277.15,276.56,277.01,406838
AAPL,2026-02-04,09:46:00,277.01,277.47,276.8,277.025,459293
AAPL,2026-02-04,09:47:00,277.02,277.21,276.84,276.8412,224716
AAPL,2026-02-04,09:48:00,276.855,277.6784,276.82,277.59,391723
AAPL,2026-02-04,09:49:00,277.585,277.7,277.04,277.64,393769
AAPL,2026-02-04,09:50:00,277.64,277.77,277.2605,277.63,593951
AAPL,2026-02-04,09:51:00,277.63,277.91,277.5,277.61,621965
AAPL,2026-02-04,09:52:00,277.61,277.965,277.53,277.93,559862
AAPL,2026-02-04,09:53:00,277.945,278.1,277,277.075,568797
AAPL,2026-02-04,09:54:00,277.09,278.14,276.965,278.125,378427
AAPL,2026-02-04,09:55:00,278.13,278.66,278.07,278.575,440935
AAPL,2026-02-04,09:56:00,278.56,278.81,277.97,278.2901,363812
AAPL,2026-02-04,09:57:00,278.305,278.305,277.74,278.24,291096
AAPL,2026-02-04,09:58:00,278.23,278.27,277.33,277.58,407356
AAPL,2026-02-04,09:59:00,277.59,277.9,277.415,277.47,337618
AAPL,2026-02-05,09:30:00,278.13,279.5,276.85,277.55,1511010.0
AAPL,2026-02-05,09:31:00,277.45,277.84,276.36,277.08,305977
AAPL,2026-02-05,09:32:00,276.98,277.3,275.8,276.33,284808
AAPL,2026-02-05,09:33:00,276.395,277.69,276.15,276.37,300407
AAPL,2026-02-05,09:34:00,276.4,276.795,275.7,276.32,216386
AAPL,2026-02-05,09:35:00,276.22,276.32,275.08,275.16,248625
AAPL,2026-02-05,09:36:00,275.16,275.8099,274.9,275.1,310371
AAPL,2026-02-05,09:37:00,275.0701,275.32,274.5,274.82,189340
AAPL,2026-02-05,09:38:00,274.9,275.48,274.74,275.22,123274
AAPL,2026-02-05,09:39:00,275.15,275.65,274.88,274.975,146472
AAPL,2026-02-05,09:40:00,274.97,274.97,273.725,274.0225,184119
AAPL,2026-02-05,09:41:00,273.9621,274.23,273.5401,273.68,190766
AAPL,2026-02-05,09:42:00,273.67,274.74,273.61,274.53,196636
AAPL,2026-02-05,09:43:00,274.52,275.18,273.87,273.95,185116
AAPL,2026-02-05,09:44:00,274.0299,274.68,273.6,273.63,183048
AAPL,2026-02-05,09:45:00,273.655,274.0143,273.28,273.3104,204562
AAPL,2026-02-05,09:46:00,273.3815,273.99,273.23,273.6,164428
AAPL,2026-02-05,09:47:00,273.595,274.35,273.57,274.28,154042
AAPL,2026-02-05,09:48:00,274.23,275.145,274.145,274.98,247680
AAPL,2026-02-05,09:49:00,274.9405,275.98,274.9301,275.945,237069
AAPL,2026-02-05,09:50:00,275.89,276.69,275.76,276.14,234961
AAPL,2026-02-05,09:51:00,276.13,276.1899,275.64,275.8673,200007
AAPL,2026-02-05,09:52:00,275.866,276.44,275.82,276.12,141723
AAPL,2026-02-05,09:53:00,276.14,276.5399,275.155,275.155,221651
AAPL,2026-02-05,09:54:00,275.165,275.37,274.4,274.455,123427
AAPL,2026-02-05,09:55:00,274.49,274.5,273.92,274.22,268177
AAPL,2026-02-05,09:56:00,274.185,274.25,273.9507,274.14,86093
AAPL,2026-02-05,09:57:00,274.13,274.2001,273.82,274.0552,152029
AAPL,2026-02-05,09:58:00,274.1,274.13,273.65,273.88,198464
AAPL,2026-02-05,09:59:00,273.86,274.44,273.74,274.365,177495
AAPL,2026-02-06,09:30:00,277.12,278.73,277,278.58,1305448.0
AAPL,2026-02-06,09:31:00,278.5,279.25,277.245,277.48,466949
AAPL,2026-02-06,09:32:00,277.515,278.5584,277.48,278.5283,319557
AAPL,2026-02-06,09:33:00,278.53,279.47,278.26,279.27,338507
AAPL,2026-02-06,09:34:00,279.25,279.35,278.44,278.53,218059
AAPL,2026-02-06,09:35:00,278.57,278.7936,277.97,277.98,221683
AAPL,2026-02-06,09:36:00,277.9701,278.8,277.65,278.76,225176
AAPL,2026-02-06,09:37:00,278.735,279.34,278.68,279.31,293002
AAPL,2026-02-06,09:38:00,279.3,279.925,279.3,279.765,462989
AAPL,2026-02-06,09:39:00,279.83,279.91,278.91,279.28,311075
AAPL,2026-02-06,09:40:00,279.25,279.871,279.2,279.61,285845
AAPL,2026-02-06,09:41:00,279.58,279.93,279.57,279.63,200695
AAPL,2026-02-06,09:42:00,279.63,279.85,279.03,279.19,211502
AAPL,2026-02-06,09:43:00,279.22,279.33,278.81,279.28,199752
AAPL,2026-02-06,09:44:00,279.29,279.59,278.9165,279.17,158682
AAPL,2026-02-06,09:45:00,279.17,279.4782,278.995,279.27,167455
AAPL,2026-02-06,09:46:00,279.3,279.59,279.04,279.295,156073
AAPL,2026-02-06,09:47:00,279.29,279.5,279.2,279.44,177971
AAPL,2026-02-06,09:48:00,279.45,279.465,278.96,279.1925,169845
AAPL,2026-02-06,09:49:00,279.22,279.83,279.1,279.48,254706
AAPL,2026-02-06,09:50:00,279.4925,280,279.4925,279.88,338323
AAPL,2026-02-06,09:51:00,279.875,280.49,279.8501,280.31,952624
AAPL,2026-02-06,09:52:00,280.31,280.5,279.88,280.235,214195
AAPL,2026-02-06,09:53:00,280.25,280.45,280.18,280.35,156384
AAPL,2026-02-06,09:54:00,280.35,280.36,279.8,279.965,155736
AAPL,2026-02-06,09:55:00,279.99,280.12,279.7,279.99,181343
AAPL,2026-02-06,09:56:00,280,280.07,279.32,279.47,612410
AAPL,2026-02-06,09:57:00,279.55,280.03,279.53,279.935,203277
AAPL,2026-02-06,09:58:00,279.96,280.48,279.92,280.42,172680
AAPL,2026-02-06,09:59:00,280.36,280.74,280.35,280.525,226737
AAPL,2026-02-09,09:30:00,277.905,278.2,276.7,276.7,813286
AAPL,2026-02-09,09:31:00,276.79,277.35,276.07,276.3,207534
AAPL,2026-02-09,09:32:00,276.3685,276.59,275.98,276.085,175626
AAPL,2026-02-09,09:33:00,276.05,276.16,274.74,274.83,204896
AAPL,2026-02-09,09:34:00,274.76,275.17,274.36,274.84,190092
AAPL,2026-02-09,09:35:00,274.73,274.73,273.78,273.81,292998
AAPL,2026-02-09,09:36:00,273.845,274.16,273.55,273.79,208283
AAPL,2026-02-09,09:37:00,273.79,274.6899,273.79,273.89,186799
AAPL,2026-02-09,09:38:00,273.85,273.98,273.48,273.84,214975
AAPL,2026-02-09,09:39:00,273.835,274.82,273.74,274.3599,210207
AAPL,2026-02-09,09:40:00,274.33,274.65,273.82,273.96,188942
AAPL,2026-02-09,09:41:00,273.94,274.695,273.88,274.263,104973
AAPL,2026-02-09,09:42:00,274.26,274.4,273.94,274.36,143169
AAPL,2026-02-09,09:43:00,274.32,274.79,274.192,274.27,178380
AAPL,2026-02-09,09:44:00,274.275,274.42,274.085,274.3114,133950
AAPL,2026-02-09,09:45:00,274.35,274.94,273.88,273.925,283504
AAPL,2026-02-09,09:46:00,273.94,274.38,273.94,274.35,124408
AAPL,2026-02-09,09:47:00,274.36,274.77,273.73,274.38,286591
AAPL,2026-02-09,09:48:00,274.38,274.5,273.74,273.93,143737
AAPL,2026-02-09,09:49:00,273.89,274.03,273.47,273.635,173732
AAPL,2026-02-09,09:50:00,273.64,274.04,273.42,273.49,158485
AAPL,2026-02-09,09:51:00,273.54,274,273.47,273.95,215892
AAPL,2026-02-09,09:52:00,273.95,274.04,273.16,273.28,163023
AAPL,2026-02-09,09:53:00,273.275,273.88,273.24,273.7,110998
AAPL,2026-02-09,09:54:00,273.63,274.4575,273.61,274.4575,116671
AAPL,2026-02-09,09:55:00,274.47,274.7799,274.3,274.335,136043
AAPL,2026-02-09,09:56:00,274.33,274.53,274.14,274.515,108917
AAPL,2026-02-09,09:57:00,274.515,274.515,274.03,274.165,65023
AAPL,2026-02-09,09:58:00,274.14,274.21,273.68,273.695,148250
AAPL,2026-02-09,09:59:00,273.7,274.06,273.6,273.96,117176
AAPL,2026-02-10,09:30:00,274.885,275.31,273.3,273.435,723654
AAPL,2026-02-10,09:31:00,273.3801,274.54,273.3,274.4,206281
AAPL,2026-02-10,09:32:00,274.4,274.8,274.26,274.51,111618
AAPL,2026-02-10,09:33:00,274.48,274.75,274,274.065,134568
AAPL,2026-02-10,09:34:00,274.0855,274.74,273.99,274.27,133805
AAPL,2026-02-10,09:35:00,274.24,274.415,273.91,273.97,148625
AAPL,2026-02-10,09:36:00,273.9659,274.22,273.61,273.8931,126234
AAPL,2026-02-10,09:37:00,273.93,274.24,273.75,274.2,113672
AAPL,2026-02-10,09:38:00,274.2,274.2499,273.71,273.87,95116
AAPL,2026-02-10,09:39:00,273.89,274.74,273.89,274.375,151847
AAPL,2026-02-10,09:40:00,274.39,274.7,274.34,274.545,111605
AAPL,2026-02-10,09:41:00,274.54,274.73,274.2049,274.26,118731
AAPL,2026-02-10,09:42:00,274.285,274.55,274.08,274.22,98699
AAPL,2026-02-10,09:43:00,274.22,274.33,273.99,274.315,114282
AAPL,2026-02-10,09:44:00,274.3,274.43,274.1611,274.195,87645
AAPL,2026-02-10,09:45:00,274.21,274.34,274.03,274.08,67051
AAPL,2026-02-10,09:46:00,274.1,274.1,273.71,273.81,139660
AAPL,2026-02-10,09:47:00,273.83,274.08,273.765,273.77,113659
AAPL,2026-02-10,09:48:00,273.75,273.76,273.37,273.48,109192
AAPL,2026-02-10,09:49:00,273.447,273.57,273.3501,273.45,81397
AAPL,2026-02-10,09:50:00,273.43,273.73,273.21,273.55,133633
AAPL,2026-02-10,09:51:00,273.55,273.595,273.26,273.26,93878
AAPL,2026-02-10,09:52:00,273.235,273.83,273.23,273.83,70979
AAPL,2026-02-10,09:53:00,273.835,273.95,273.55,273.95,67504
AAPL,2026-02-10,09:54:00,273.94,274.55,273.93,274.43,120775
AAPL,2026-02-10,09:55:00,274.41,274.65,274.38,274.51,81826
AAPL,2026-02-10,09:56:00,274.5,274.5599,274.19,274.45,97244
AAPL,2026-02-10,09:57:00,274.45,274.46,274.3,274.33,41663
AAPL,2026-02-10,09:58:00,274.34,274.95,274.31,274.89,108512
AAPL,2026-02-10,09:59:00,274.91,274.94,274.58,274.76,101275
AAPL,2026-02-11,09:30:00,274.695,276.3699,274.695,276.13,824361
AAPL,2026-02-11,09:31:00,276.12,276.82,276,276.64,252551
AAPL,2026-02-11,09:32:00,276.635,276.83,275.24,275.315,172201
AAPL,2026-02-11,09:33:00,275.29,275.53,274.87,274.995,157641
AAPL,2026-02-11,09:34:00,274.95,275.14,274.61,274.84,168046
AAPL,2026-02-11,09:35:00,274.81,275.28,274.75,275.02,177270
AAPL,2026-02-11,09:36:00,274.98,275.17,274.45,275.091,131792
AAPL,2026-02-11,09:37:00,275.13,275.91,275.0201,275.75,184767
AAPL,2026-02-11,09:38:00,275.75,275.82,275.17,275.59,128171
AAPL,2026-02-11,09:39:00,275.565,275.72,275.37,275.51,77017
AAPL,2026-02-11,09:40:00,275.51,275.94,275.46,275.76,110287
AAPL,2026-02-11,09:41:00,275.79,276.46,275.76,276.2399,237868
AAPL,2026-02-11,09:42:00,276.19,276.19,275.53,275.85,105598
AAPL,2026-02-11,09:43:00,275.835,276,275.495,275.5999,94518
AAPL,2026-02-11,09:44:00,275.57,275.71,275.34,275.59,102318
AAPL,2026-02-11,09:45:00,275.59,276.105,275.54,276.065,159670
AAPL,2026-02-11,09:46:00,276.06,276.3,275.97,276.0542,139941
AAPL,2026-02-11,09:47:00,276.065,276.34,275.685,276.3,180777
AAPL,2026-02-11,09:48:00,276.32,276.4586,276.1,276.44,176337
AAPL,2026-02-11,09:49:00,276.44,276.47,275.99,276.25,126987
AAPL,2026-02-11,09:50:00,276.26,276.38,275.99,276.23,125750
AAPL,2026-02-11,09:51:00,276.25,276.45,276,276.39,117673
AAPL,2026-02-11,09:52:00,276.36,276.8,276.25,276.765,195405
AAPL,2026-02-11,09:53:00,276.7625,277,276.5925,276.955,211650
AAPL,2026-02-11,09:54:00,276.9522,277.34,276.9,277.27,232690
AAPL,2026-02-11,09:55:00,277.23,277.44,276.54,276.63,143772
AAPL,2026-02-11,09:56:00,276.585,276.64,276.21,276.25,96636
AAPL,2026-02-11,09:57:00,276.25,276.77,275.99,276.685,190170
AAPL,2026-02-11,09:58:00,276.7,276.73,276.15,276.2301,87396
AAPL,2026-02-11,09:59:00,276.266,276.42,276.195,276.4,75987
AAPL,2026-02-12,09:30:00,275.59,275.72,274.15,274.355,985233
AAPL,2026-02-12,09:31:00,274.39,274.4,272.71,272.8245,260832
AAPL,2026-02-12,09:32:00,272.8263,273.03,272.13,272.87,302483
AAPL,2026-02-12,09:33:00,272.825,273.11,272.28,272.38,226642
AAPL,2026-02-12,09:34:00,272.3618,272.67,272.03,272.5501,182835
AAPL,2026-02-12,09:35:00,272.5701,273.4075,272.54,272.88,190980
AAPL,2026-02-12,09:36:00,272.97,273.64,272.55,273.4501,249546
AAPL,2026-02-12,09:37:00,273.5,273.66,273.11,273.2,139814
AAPL,2026-02-12,09:38:00,273.18,273.55,273.11,273.33,132599
AAPL,2026-02-12,09:39:00,273.28,273.315,272.64,272.87,164832
AAPL,2026-02-12,09:40:00,272.86,273.34,272.76,273.25,163964
AAPL,2026-02-12,09:41:00,273.21,273.27,272.6,272.73,186447
AAPL,2026-02-12,09:42:00,272.72,272.97,272.37,272.96,158450
AAPL,2026-02-12,09:43:00,272.92,273,272.46,272.485,104658
AAPL,2026-02-12,09:44:00,272.48,272.53,271.91,272.04,312963
AAPL,2026-02-12,09:45:00,272,272.2,271.6456,271.68,199381
AAPL,2026-02-12,09:46:00,271.64,272.13,271.55,272.105,227171
AAPL,2026-02-12,09:47:00,272.105,272.8925,272.0545,272.88,251820
AAPL,2026-02-12,09:48:00,272.89,272.925,272.45,272.68,137192
AAPL,2026-02-12,09:49:00,272.7,272.7295,271.92,272.08,118565
AAPL,2026-02-12,09:50:00,272.1,272.86,271.81,272.76,136086
AAPL,2026-02-12,09:51:00,272.74,273,272.54,272.725,121136
AAPL,2026-02-12,09:52:00,272.73,272.75,272.3573,272.61,85921
AAPL,2026-02-12,09:53:00,272.58,272.78,272.54,272.63,76469
AAPL,2026-02-12,09:54:00,272.62,272.92,272.37,272.83,87895
AAPL,2026-02-12,09:55:00,272.815,272.815,272.325,272.41,116082
AAPL,2026-02-12,09:56:00,272.42,272.61,272.36,272.51,87673
AAPL,2026-02-12,09:57:00,272.51,272.51,272.15,272.2699,84264
AAPL,2026-02-12,09:58:00,272.225,272.47,272.19,272.365,88234
AAPL,2026-02-12,09:59:00,272.35,272.39,271.92,272.16,145165
AAPL,2026-02-13,09:30:00,262.01,262.23,261.04,261.5,954419
AAPL,2026-02-13,09:31:00,261.44,261.51,260.24,260.3598,402168
AAPL,2026-02-13,09:32:00,260.28,261.4,259.65,260.785,472428
AAPL,2026-02-13,09:33:00,260.825,261.3599,259.5601,259.9599,239440
AAPL,2026-02-13,09:34:00,259.89,260.15,258.8,259.3,297757
AAPL,2026-02-13,09:35:00,259.34,259.89,259.12,259.19,231543
AAPL,2026-02-13,09:36:00,259.17,259.51,258.8,259.19,272308
AAPL,2026-02-13,09:37:00,259.29,260.26,259.02,259.02,201344
AAPL,2026-02-13,09:38:00,259.06,259.73,259.06,259.59,160568
AAPL,2026-02-13,09:39:00,259.625,259.75,259.15,259.385,169132
AAPL,2026-02-13,09:40:00,259.35,259.88,259.02,259.42,176930
AAPL,2026-02-13,09:41:00,259.42,260.06,259.39,259.88,169441
AAPL,2026-02-13,09:42:00,259.9,260.17,259.62,260.13,154435
AAPL,2026-02-13,09:43:00,260.13,260.19,259.09,259.24,245584
AAPL,2026-02-13,09:44:00,259.235,259.85,259.15,259.52,146313
AAPL,2026-02-13,09:45:00,259.51,260.18,259.4,260.055,174030
AAPL,2026-02-13,09:46:00,260.05,260.52,259.76,260.36,229903
AAPL,2026-02-13,09:47:00,260.35,260.58,259.83,260.38,151201
AAPL,2026-02-13,09:48:00,260.43,260.98,260.28,260.3099,136098
AAPL,2026-02-13,09:49:00,260.26,260.605,260.1701,260.275,140569
AAPL,2026-02-13,09:50:00,260.27,260.3267,259.2121,259.36,206254
AAPL,2026-02-13,09:51:00,259.29,259.4,258.84,258.93,172259
AAPL,2026-02-13,09:52:00,258.95,259.24,258.82,259.21,115620
AAPL,2026-02-13,09:53:00,259.26,259.8199,259.11,259.525,110901
AAPL,2026-02-13,09:54:00,259.52,259.75,259.2201,259.5,149799
AAPL,2026-02-13,09:55:00,259.52,259.81,259.4,259.71,147535
AAPL,2026-02-13,09:56:00,259.7175,259.76,259.21,259.289,103756
AAPL,2026-02-13,09:57:00,259.26,259.57,259.11,259.11,117911
AAPL,2026-02-13,09:58:00,259.16,259.66,259.1,259.44,96521
AAPL,2026-02-13,09:59:00,259.45,259.5,259.23,259.33,99054
AAPL,2026-02-17,09:30:00,258.05,258.18,255.54,256.44,1487077.0
AAPL,2026-02-17,09:31:00,256.455,258,256.18,257.98,509775
AAPL,2026-02-17,09:32:00,257.9,258.39,257.7601,258.085,380046
AAPL,2026-02-17,09:33:00,258.1,259,257.61,258.79,286363
AAPL,2026-02-17,09:34:00,258.76,259.49,258.7,258.7,333013
AAPL,2026-02-17,09:35:00,258.7,259.27,258.085,258.98,253137
AAPL,2026-02-17,09:36:00,259.035,259.58,258.91,259.49,212317
AAPL,2026-02-17,09:37:00,259.52,259.67,259.2,259.39,170582
AAPL,2026-02-17,09:38:00,259.37,259.59,259.1201,259.24,149001
AAPL,2026-02-17,09:39:00,259.275,259.64,258.66,259.005,195931
AAPL,2026-02-17,09:40:00,259.06,259.2101,258.65,258.84,123259
AAPL,2026-02-17,09:41:00,258.84,259.25,258.77,259.25,145525
AAPL,2026-02-17,09:42:00,259.24,259.66,259.15,259.62,168936
AAPL,2026-02-17,09:43:00,259.55,259.56,259.19,259.295,115919
AAPL,2026-02-17,09:44:00,259.29,259.64,258.7,258.96,183815
AAPL,2026-02-17,09:45:00,258.94,259.04,258.56,258.635,104410
AAPL,2026-02-17,09:46:00,258.65,259.47,258.38,259.45,219507
AAPL,2026-02-17,09:47:00,259.44,259.72,259.38,259.425,269972
AAPL,2026-02-17,09:48:00,259.46,259.545,258.91,259.3,148847
AAPL,2026-02-17,09:49:00,259.31,259.36,258.93,259.29,97601
AAPL,2026-02-17,09:50:00,259.3,259.64,259.11,259.455,177956
AAPL,2026-02-17,09:51:00,259.455,259.59,258.89,258.95,83508
AAPL,2026-02-17,09:52:00,258.94,259.249,258.93,259.06,78218
AAPL,2026-02-17,09:53:00,259.05,259.16,258.52,258.65,106121
AAPL,2026-02-17,09:54:00,258.62,259.2358,258.61,259.0999,85013
AAPL,2026-02-17,09:55:00,259.1,259.1,258.4,258.66,99477
AAPL,2026-02-17,09:56:00,258.64,258.91,258.15,258.8,174812
AAPL,2026-02-17,09:57:00,258.8,259.02,258.72,258.945,131725
AAPL,2026-02-17,09:58:00,258.935,258.9699,258.555,258.6,73088
AAPL,2026-02-17,09:59:00,258.55,258.7,258.29,258.6,105769
AAPL,2026-02-18,09:30:00,263.6,264.92,263.06,264.57,1013350.0
AAPL,2026-02-18,09:31:00,264.57,264.685,263.26,263.445,219784
AAPL,2026-02-18,09:32:00,263.428,264.02,263.03,263.595,196360
AAPL,2026-02-18,09:33:00,263.595,263.84,262.72,262.77,189270
AAPL,2026-02-18,09:34:00,262.7476,263.6699,262.72,263.47,158697
AAPL,2026-02-18,09:35:00,263.53,263.53,262.795,262.97,149870
AAPL,2026-02-18,09:36:00,263.005,263.55,262.83,262.835,140357
AAPL,2026-02-18,09:37:00,262.77,263.36,262.72,262.77,180252
AAPL,2026-02-18,09:38:00,262.82,264.47,262.73,264.25,242664
AAPL,2026-02-18,09:39:00,264.16,264.23,263.785,263.995,84956
AAPL,2026-02-18,09:40:00,263.97,264.0111,263.48,263.695,56149
AAPL,2026-02-18,09:41:00,263.695,264.0946,263.53,263.68,88965
AAPL,2026-02-18,09:42:00,263.67,263.67,263.05,263.29,78171
AAPL,2026-02-18,09:43:00,263.27,263.67,263.02,263.11,74995
AAPL,2026-02-18,09:44:00,263.055,263.41,262.86,263.395,131078
AAPL,2026-02-18,09:45:00,263.42,263.51,262.93,263.26,123728
AAPL,2026-02-18,09:46:00,263.22,263.25,262.45,262.66,133292
AAPL,2026-02-18,09:47:00,262.66,263.2,262.6,263.1676,97717
AAPL,2026-02-18,09:48:00,263.2283,263.25,262.72,263.01,125591
AAPL,2026-02-18,09:49:00,263.03,263.3799,262.845,262.845,71739
AAPL,2026-02-18,09:50:00,262.86,263.1099,262.76,262.83,108576
AAPL,2026-02-18,09:51:00,262.81,262.955,262.52,262.73,124078
AAPL,2026-02-18,09:52:00,262.76,263.46,262.71,263.33,69871
AAPL,2026-02-18,09:53:00,263.31,263.64,263.135,263.48,101108
AAPL,2026-02-18,09:54:00,263.47,263.97,263.47,263.905,78830
AAPL,2026-02-18,09:55:00,263.88,264.11,263.69,264.02,107728
AAPL,2026-02-18,09:56:00,264.03,264.0499,263.89,264,55984
AAPL,2026-02-18,09:57:00,263.9892,264.42,263.92,264.41,87403
AAPL,2026-02-18,09:58:00,264.415,264.56,264.2799,264.45,120998
AAPL,2026-02-18,09:59:00,264.45,264.4601,264.09,264.16,114631
AAPL,2026-02-19,09:30:00,262.6,263.76,262.36,263.61,692662
AAPL,2026-02-19,09:31:00,263.59,264.1,263.3,263.52,157279
AAPL,2026-02-19,09:32:00,263.545,263.97,263.21,263.55,66799
AAPL,2026-02-19,09:33:00,263.59,264.3191,263.565,264.08,88525
AAPL,2026-02-19,09:34:00,264.11,264.11,263.435,263.435,67857
AAPL,2026-02-19,09:35:00,263.41,263.83,263.22,263.53,104338
AAPL,2026-02-19,09:36:00,263.53,263.555,262.72,262.7805,126113
AAPL,2026-02-19,09:37:00,262.8,262.96,262.29,262.29,164720
AAPL,2026-02-19,09:38:00,262.315,262.9082,262.315,262.8558,94815
AAPL,2026-02-19,09:39:00,262.85,262.91,262.665,262.76,77718
AAPL,2026-02-19,09:40:00,262.7914,263.25,262.52,263.25,84397
AAPL,2026-02-19,09:41:00,263.24,263.35,262.84,262.945,62518
AAPL,2026-02-19,09:42:00,262.93,263.325,262.88,263.28,88360
AAPL,2026-02-19,09:43:00,263.33,263.51,263.1,263.26,143855
AAPL,2026-02-19,09:44:00,263.23,263.74,263.23,263.72,77922
AAPL,2026-02-19,09:45:00,263.725,263.74,263.3,263.46,111724
AAPL,2026-02-19,09:46:00,263.47,263.61,263.33,263.515,64012
AAPL,2026-02-19,09:47:00,263.51,264.04,263.475,263.904,56799
AAPL,2026-02-19,09:48:00,263.93,264.08,263.8,263.94,79105
AAPL,2026-02-19,09:49:00,263.96,264.08,263.73,263.91,55114
AAPL,2026-02-19,09:50:00,263.92,264.06,263.75,263.815,64952
AAPL,2026-02-19,09:51:00,263.82,264.09,263.74,263.981,65843
AAPL,2026-02-19,09:52:00,263.955,264.11,263.81,263.91,66036
AAPL,2026-02-19,09:53:00,263.92,264.3365,263.92,264.2901,40336
AAPL,2026-02-19,09:54:00,264.315,264.35,264.13,264.14,69073
AAPL,2026-02-19,09:55:00,264.14,264.2,263.87,264.03,77697
AAPL,2026-02-19,09:56:00,264.05,264.15,263.8552,263.94,49321
AAPL,2026-02-19,09:57:00,263.94,264.25,263.8801,264.18,52128
AAPL,2026-02-19,09:58:00,264.165,264.18,263.84,263.92,58047
AAPL,2026-02-19,09:59:00,263.935,263.95,263.63,263.78,63370
AAPL,2026-02-20,09:30:00,258.97,259.18,258.16,258.75,2363718.0
AAPL,2026-02-20,09:31:00,258.73,259.16,258.37,258.67,128562
AAPL,2026-02-20,09:32:00,258.75,259.4399,258.69,259.05,120057
AAPL,2026-02-20,09:33:00,259.035,259.44,258.83,259.06,70999
AAPL,2026-02-20,09:34:00,259.11,259.28,258.94,259.085,67454
AAPL,2026-02-20,09:35:00,259.09,259.2499,258.8,259.15,127696
AAPL,2026-02-20,09:36:00,259.1164,259.89,259.11,259.725,150161
AAPL,2026-02-20,09:37:00,259.74,259.96,259.64,259.81,107266
AAPL,2026-02-20,09:38:00,259.775,259.9,259.51,259.56,67134
AAPL,2026-02-20,09:39:00,259.56,259.8065,259.32,259.8065,72867
AAPL,2026-02-20,09:40:00,259.85,260.25,259.77,260.16,112755
AAPL,2026-02-20,09:41:00,260.13,260.13,259.6,259.63,77286
AAPL,2026-02-20,09:42:00,259.6385,260.14,259.4801,259.9501,139848
AAPL,2026-02-20,09:43:00,260.04,260.045,259.48,259.48,83200
AAPL,2026-02-20,09:44:00,259.5,259.9399,259.4711,259.8989,82935
AAPL,2026-02-20,09:45:00,259.88,259.935,259.39,259.4624,86573
AAPL,2026-02-20,09:46:00,259.45,259.7,259.32,259.59,100538
AAPL,2026-02-20,09:47:00,259.6,259.79,259.3901,259.49,92369
AAPL,2026-02-20,09:48:00,259.49,259.59,259.442,259.4914,68881
AAPL,2026-02-20,09:49:00,259.49,259.52,259.22,259.26,71550
AAPL,2026-02-20,09:50:00,259.285,259.4,258.86,259.085,114635
AAPL,2026-02-20,09:51:00,259.07,259.17,258.81,258.845,104372
AAPL,2026-02-20,09:52:00,258.84,259.2827,258.835,259.02,148935
AAPL,2026-02-20,09:53:00,259,259.29,258.86,259.01,98473
AAPL,2026-02-20,09:54:00,259.05,259.16,258.73,258.73,101904
AAPL,2026-02-20,09:55:00,258.755,258.84,258.5,258.79,98156
AAPL,2026-02-20,09:56:00,258.775,259.0238,258.68,259.0083,94762
AAPL,2026-02-20,09:57:00,259,259.35,258.831,259.345,72817
AAPL,2026-02-20,09:58:00,259.321,259.64,259.31,259.5938,74805
AAPL,2026-02-20,09:59:00,259.58,259.9,259.46,259.6,99024
AAPL,2026-02-23,09:30:00,263.49,266.1,263.381,266.06,932074.445408
AAPL,2026-02-23,09:31:00,266.01,266.53,265.62,266.52,184847.161055
AAPL,2026-02-23,09:32:00,266.5,266.8599,266.18,266.63,286083.693363
AAPL,2026-02-23,09:33:00,266.59,266.73,265.61,265.89,171146.543462
AAPL,2026-02-23,09:34:00,265.89,265.95,265.28,265.385,114968.836809
AAPL,2026-02-23,09:35:00,265.44,266.45,265.4311,266.255,142110.645238
AAPL,2026-02-23,09:36:00,266.21,266.27,265.65,265.98,140584.588618
AAPL,2026-02-23,09:37:00,265.93,266.3,265.82,266.3,112337.404473
AAPL,2026-02-23,09:38:00,266.27,266.5,265.96,266.12,110318.892239
AAPL,2026-02-23,09:39:00,266.125,266.25,265.64,265.85,130921.982266
AAPL,2026-02-23,09:40:00,265.8209,265.83,265.03,265.075,116605.157403
AAPL,2026-02-23,09:41:00,265.03,265.21,264.8066,264.95,108069.533732
AAPL,2026-02-23,09:42:00,264.89,264.95,264.51,264.735,111600.658781
AAPL,2026-02-23,09:43:00,264.71,264.74,264.3601,264.47,78545.055458
AAPL,2026-02-23,09:44:00,264.455,264.57,264.26,264.3951,111096.463819
AAPL,2026-02-23,09:45:00,264.44,264.54,264.2,264.39,140129.429758
AAPL,2026-02-23,09:46:00,264.38,264.82,264.28,264.8072,74726.62901
AAPL,2026-02-23,09:47:00,264.78,265.13,264.58,264.8205,139493.656215
AAPL,2026-02-23,09:48:00,264.8,264.94,264.6301,264.805,67674.809824
AAPL,2026-02-23,09:49:00,264.83,264.945,264.63,264.71,81793.207775
AAPL,2026-02-23,09:50:00,264.68,265.13,264.68,264.96,61368.630114
AAPL,2026-02-23,09:51:00,264.99,265.09,264.715,264.74,73267.397157
AAPL,2026-02-23,09:52:00,264.7416,264.93,264.6,264.715,93158.498829
AAPL,2026-02-23,09:53:00,264.67,264.85,264.3,264.42,57365.730942
AAPL,2026-02-23,09:54:00,264.4,264.705,264.4,264.65,58158.553108
AAPL,2026-02-23,09:55:00,264.6,264.74,264.53,264.65,47959.89805
AAPL,2026-02-23,09:56:00,264.62,264.68,264.29,264.39,54796.446767
AAPL,2026-02-23,09:57:00,264.395,264.67,264.3572,264.46,59596.726888
AAPL,2026-02-23,09:58:00,264.45,264.7,264.4,264.585,52262.900113
AAPL,2026-02-23,09:59:00,264.595,265.12,264.58,264.92,160047.868985
AAPL,2026-02-24,09:30:00,267.86,269.9,267.71,269.78,955587.565716
AAPL,2026-02-24,09:31:00,269.67,270.57,269.67,270.145,446782.96331
AAPL,2026-02-24,09:32:00,270.145,271.25,270.145,271.25,304363.128763
AAPL,2026-02-24,09:33:00,271.28,271.83,271.12,271.655,298863.628803
AAPL,2026-02-24,09:34:00,271.655,271.95,270.99,271.905,232890.015076
AAPL,2026-02-24,09:35:00,271.8701,271.93,270.69,271.3434,397797.910963
AAPL,2026-02-24,09:36:00,271.32,271.45,270.29,270.61,375160.296147
AAPL,2026-02-24,09:37:00,270.64,271.37,270.44,271.31,194942.086786
AAPL,2026-02-24,09:38:00,271.3117,271.78,271.2301,271.4,215907.79952
AAPL,2026-02-24,09:39:00,271.4,272.26,271.2,272.24,299633.532975
AAPL,2026-02-24,09:40:00,272.24,272.655,272.159,272.64,238890.220806
AAPL,2026-02-24,09:41:00,272.65,273.2199,272.55,273.2199,374328.910839
AAPL,2026-02-24,09:42:00,273.18,273.28,272.8,273.195,342166.715606
AAPL,2026-02-24,09:43:00,273.195,273.98,273.1,273.875,336452.408813
AAPL,2026-02-24,09:44:00,273.8501,274.24,273.65,274.195,334744.891126
AAPL,2026-02-24,09:45:00,274.2,274.27,273.88,274.075,257592.428795
AAPL,2026-02-24,09:46:00,274.1,274.22,273.63,274.1,242792.615546
AAPL,2026-02-24,09:47:00,274.06,274.5999,274.06,274.52,199974.611979
AAPL,2026-02-24,09:48:00,274.49,274.89,274.44,274.56,273070.389954
AAPL,2026-02-24,09:49:00,274.531,274.7,274.2,274.375,267331.268442
AAPL,2026-02-24,09:50:00,274.4,274.44,274.01,274.25,140043.452032
AAPL,2026-02-24,09:51:00,274.2401,274.3583,273.95,274.05,161736.235576
AAPL,2026-02-24,09:52:00,274.04,274.21,273.89,274.07,148526.500237
AAPL,2026-02-24,09:53:00,274.07,274.12,273.82,273.8997,164641.26353
AAPL,2026-02-24,09:54:00,273.9,274.49,273.84,274.435,128281.979529
AAPL,2026-02-24,09:55:00,274.445,274.445,274.05,274.07,125787.402277
AAPL,2026-02-24,09:56:00,274.1,274.145,273.67,273.67,134953.575676
AAPL,2026-02-24,09:57:00,273.65,274,273.65,273.775,163473.730592
AAPL,2026-02-24,09:58:00,273.77,274.0999,273.7,273.9,166375.912343
AAPL,2026-02-24,09:59:00,273.9,274.14,273.78,274.06,140725.441335
AAPL,2026-02-25,09:30:00,271.78,272.66,271.45,272.16,909702.526995
AAPL,2026-02-25,09:31:00,272.14,272.42,271.81,272.34,195904.826704
AAPL,2026-02-25,09:32:00,272.335,272.58,271.88,271.9216,184720.68041
AAPL,2026-02-25,09:33:00,271.9894,272,271.69,271.91,116899.420589
AAPL,2026-02-25,09:34:00,271.91,272.29,271.87,272.19,138348.811606
AAPL,2026-02-25,09:35:00,272.21,272.22,271.1,271.21,162922.81466
AAPL,2026-02-25,09:36:00,271.13,271.47,271.05,271.24,132012.722388
AAPL,2026-02-25,09:37:00,271.25,271.705,271.12,271.615,90411.654719
AAPL,2026-02-25,09:38:00,271.657,271.7199,271.3,271.55,107767.299627
AAPL,2026-02-25,09:39:00,271.57,271.77,271.36,271.3901,85627.265715
AAPL,2026-02-25,09:40:00,271.43,271.78,271.26,271.59,180086.817764
AAPL,2026-02-25,09:41:00,271.61,271.8,271.32,271.48,88913.9872
AAPL,2026-02-25,09:42:00,271.48,271.94,271.4401,271.84,92220.763066
AAPL,2026-02-25,09:43:00,271.84,272.63,271.84,272.47,138975.601396
AAPL,2026-02-25,09:44:00,272.47,272.52,272.15,272.23,69825.021935
AAPL,2026-02-25,09:45:00,272.26,272.98,272.26,272.91,187401.724122
AAPL,2026-02-25,09:46:00,272.92,273.48,272.87,273.37,216012.067147
AAPL,2026-02-25,09:47:00,273.33,273.5011,272.95,273.01,74590.05608
AAPL,2026-02-25,09:48:00,273.01,273.4551,272.925,273.4551,81024.255531
AAPL,2026-02-25,09:49:00,273.457,273.76,273.345,273.52,112890.561646
AAPL,2026-02-25,09:50:00,273.52,273.64,273.29,273.53,122336.874812
AAPL,2026-02-25,09:51:00,273.49,273.57,273.23,273.39,119234.13704
AAPL,2026-02-25,09:52:00,273.35,273.35,273,273.068,82420.641031
AAPL,2026-02-25,09:53:00,273.045,273.144,272.9401,273.13,64122.503022
AAPL,2026-02-25,09:54:00,273.12,273.35,273.07,273.2901,72050.142349
AAPL,2026-02-25,09:55:00,273.31,273.89,273.29,273.7099,146014.113361
AAPL,2026-02-25,09:56:00,273.65,273.695,273.25,273.37,81933.564809
AAPL,2026-02-25,09:57:00,273.35,273.77,273.3,273.755,70623.293352
AAPL,2026-02-25,09:58:00,273.77,273.88,273.63,273.7,75997.899585
AAPL,2026-02-25,09:59:00,273.68,274,273.52,273.93,184975.320416
AAPL,2026-02-26,09:30:00,274.945,276.11,274.54,274.73,973183.481409
AAPL,2026-02-26,09:31:00,274.76,275.4,274.5,275.3299,192018.658515
AAPL,2026-02-26,09:32:00,275.29,275.49,274.76,274.88,106019.97324
AAPL,2026-02-26,09:33:00,274.82,274.96,274.4,274.41,109602.160495
AAPL,2026-02-26,09:34:00,274.4006,275.1,274.4006,274.74,115294.496877
AAPL,2026-02-26,09:35:00,274.73,274.77,273.74,273.96,218933.698658
AAPL,2026-02-26,09:36:00,274.025,274.0417,273.2,273.241,161938.603936
AAPL,2026-02-26,09:37:00,273.26,273.73,273.2,273.6,82465.67701
AAPL,2026-02-26,09:38:00,273.555,273.9,273.28,273.758,100206.030805
AAPL,2026-02-26,09:39:00,273.79,274.0127,273.58,273.86,70459.79063
AAPL,2026-02-26,09:40:00,273.86,274.18,273.685,273.86,175810.833796
AAPL,2026-02-26,09:41:00,273.83,274.16,273.65,274.145,84195.195915
AAPL,2026-02-26,09:42:00,274.14,274.32,274.01,274.11,133168.637646
AAPL,2026-02-26,09:43:00,274.09,274.55,273.95,274.44,148516.422593
AAPL,2026-02-26,09:44:00,274.5,274.77,274.04,274.51,143122.394392
AAPL,2026-02-26,09:45:00,274.53,274.77,274.45,274.54,140440.564303
AAPL,2026-02-26,09:46:00,274.57,274.61,274.32,274.34,86754.372725
AAPL,2026-02-26,09:47:00,274.31,274.33,274.01,274.06,82954.189858
AAPL,2026-02-26,09:48:00,274.02,274.47,273.9,274.3925,73288.306885
AAPL,2026-02-26,09:49:00,274.43,274.75,274.36,274.64,83389.521771
AAPL,2026-02-26,09:50:00,274.67,275.02,274.44,274.48,146879.309867
AAPL,2026-02-26,09:51:00,274.48,274.53,273.9,273.92,148244.685574
AAPL,2026-02-26,09:52:00,273.92,274.63,273.92,274.4701,107649.903952
AAPL,2026-02-26,09:53:00,274.5,274.51,273.77,273.9,90435.88987
AAPL,2026-02-26,09:54:00,273.9,274.115,273.83,273.9437,65347.007449
AAPL,2026-02-26,09:55:00,273.97,274.0652,273.67,273.8,163721.090123
AAPL,2026-02-26,09:56:00,273.79,273.96,273.57,273.6301,100607.274028
AAPL,2026-02-26,09:57:00,273.62,273.74,273.45,273.58,105609.841884
AAPL,2026-02-26,09:58:00,273.595,273.94,273.56,273.915,66503.829553
AAPL,2026-02-26,09:59:00,273.9403,273.97,273.75,273.875,71883.235095
AAPL,2026-02-27,09:30:00,272.81,272.81,269.8,269.9596,989963.304185
AAPL,2026-02-27,09:31:00,269.939,270.12,269.2,269.22,233834.956674
AAPL,2026-02-27,09:32:00,269.2,270.0599,269.2,269.93,248635.502518
AAPL,2026-02-27,09:33:00,269.91,270,269.59,269.74,151318.997058
AAPL,2026-02-27,09:34:00,269.81,269.99,269.351,269.47,137896.211014
AAPL,2026-02-27,09:35:00,269.47,269.65,269.04,269.395,209118.554552
AAPL,2026-02-27,09:36:00,269.35,269.754,269.19,269.25,162034.468182
AAPL,2026-02-27,09:37:00,269.24,269.745,269.12,269.6,147494.598
AAPL,2026-02-27,09:38:00,269.66,269.96,269.54,269.9,145320.325447
AAPL,2026-02-27,09:39:00,269.856,269.9198,269.33,269.545,159115.941969
AAPL,2026-02-27,09:40:00,269.545,269.74,269.09,269.21,176720.947429
AAPL,2026-02-27,09:41:00,269.2825,269.5,269.1001,269.19,126845.972614
AAPL,2026-02-27,09:42:00,269.26,269.59,269.22,269.2301,141476.571801
AAPL,2026-02-27,09:43:00,269.33,269.38,268.9101,269.08,134816.138801
AAPL,2026-02-27,09:44:00,269.11,269.26,268.87,268.975,237812.599102
AAPL,2026-02-27,09:45:00,268.9301,269.19,268.76,269.14,145466.878255
AAPL,2026-02-27,09:46:00,269.09,270.25,269.09,270.225,203527.363859
AAPL,2026-02-27,09:47:00,270.22,270.27,269.66,269.875,99990.823298
AAPL,2026-02-27,09:48:00,269.83,270.8299,269.8,270.805,135008.515158
AAPL,2026-02-27,09:49:00,270.83,270.92,270.64,270.89,100729.053852
AAPL,2026-02-27,09:50:00,270.89,271.07,270.75,270.75,91473.164335
AAPL,2026-02-27,09:51:00,270.7485,271.2761,270.7485,271.16,84118.584881
AAPL,2026-02-27,09:52:00,271.14,271.3,271.02,271.19,85508.628425
AAPL,2026-02-27,09:53:00,271.18,271.195,270.79,270.965,67277.573914
AAPL,2026-02-27,09:54:00,270.95,271.24,270.81,271.1,90365.570368
AAPL,2026-02-27,09:55:00,271.1,271.12,270.79,270.805,86129.159256
AAPL,2026-02-27,09:56:00,270.795,270.84,270.46,270.475,103058.728305
AAPL,2026-02-27,09:57:00,270.47,270.59,270.285,270.3,85359.135583
AAPL,2026-02-27,09:58:00,270.305,270.95,270.215,270.905,115997.271796
AAPL,2026-02-27,09:59:00,270.9167,270.9167,270.49,270.64,77000.248718
NVDA,2026-02-02,09:30:00,187.2,187.9329,187.06,187.5301,3027450.0
NVDA,2026-02-02,09:31:00,187.56,187.77,186.87,187.59,1262517.0
NVDA,2026-02-02,09:32:00,187.615,187.95,187.2,187.27,837184
NVDA,2026-02-02,09:33:00,187.26,187.63,186.91,187.1699,1102863.0
NVDA,2026-02-02,09:34:00,187.17,187.21,186.72,186.935,751254
NVDA,2026-02-02,09:35:00,186.94,187.35,186.6,187.3274,756943
NVDA,2026-02-02,09:36:00,187.31,187.94,187.18,187.745,782377
NVDA,2026-02-02,09:37:00,187.776,187.97,187.655,187.915,760334
NVDA,2026-02-02,09:38:00,187.91,188.03,187.52,187.63,759080
NVDA,2026-02-02,09:39:00,187.64,188,187.46,187.5311,537991
NVDA,2026-02-02,09:40:00,187.54,187.88,187.27,187.839,616698
NVDA,2026-02-02,09:41:00,187.88,187.88,187.3,187.35,454990
NVDA,2026-02-02,09:42:00,187.36,187.885,187.3,187.408,557363
NVDA,2026-02-02,09:43:00,187.4,187.46,187.15,187.285,515418
NVDA,2026-02-02,09:44:00,187.285,187.47,187.07,187.09,552120
NVDA,2026-02-02,09:45:00,187.1125,187.16,186.86,186.8989,745011
NVDA,2026-02-02,09:46:00,186.9199,187.11,186.69,186.87,758583
NVDA,2026-02-02,09:47:00,186.89,187.1,186.77,186.8175,540788
NVDA,2026-02-02,09:48:00,186.82,187.16,186.8,186.99,475062
NVDA,2026-02-02,09:49:00,186.99,187.28,186.89,186.975,583611
NVDA,2026-02-02,09:50:00,186.98,187.99,186.95,187.95,871333
NVDA,2026-02-02,09:51:00,187.948,187.95,187.41,187.435,489682
NVDA,2026-02-02,09:52:00,187.435,187.575,187.3,187.3,432068
NVDA,2026-02-02,09:53:00,187.3,187.36,187.15,187.21,454399
NVDA,2026-02-02,09:54:00,187.19,187.315,187.08,187.28,404333
NVDA,2026-02-02,09:55:00,187.29,187.3467,187.16,187.21,339701
NVDA,2026-02-02,09:56:00,187.2101,187.32,187,187.04,449167
NVDA,2026-02-02,09:57:00,187.04,187.16,186.79,186.8901,565756
NVDA,2026-02-02,09:58:00,186.895,186.8967,186.52,186.525,682371
NVDA,2026-02-02,09:59:00,186.5201,186.78,186.5,186.66,484475
NVDA,2026-02-03,09:30:00,186.24,186.27,185.5301,185.94,2625523.0
NVDA,2026-02-03,09:31:00,185.94,186.0517,185.08,185.45,919879
NVDA,2026-02-03,09:32:00,185.45,185.76,185.08,185.13,860620
NVDA,2026-02-03,09:33:00,185.15,185.21,184.454,184.58,1199905.0
NVDA,2026-02-03,09:34:00,184.6099,184.64,184.01,184.1699,1072280.0
NVDA,2026-02-03,09:35:00,184.14,184.34,183.67,183.87,1618952.0
NVDA,2026-02-03,09:36:00,183.87,184.41,183.7529,184.28,1352101.0
NVDA,2026-02-03,09:37:00,184.28,184.3,183.67,183.85,1145857.0
NVDA,2026-02-03,09:38:00,183.8588,184.07,183.52,183.82,1082932.0
NVDA,2026-02-03,09:39:00,183.83,183.84,183.46,183.555,954873
NVDA,2026-02-03,09:40:00,183.55,183.79,183.44,183.6701,816431
NVDA,2026-02-03,09:41:00,183.67,184.24,183.53,184.155,737255
NVDA,2026-02-03,09:42:00,184.16,184.26,183.57,183.6,762583
NVDA,2026-02-03,09:43:00,183.59,183.6,182.78,182.945,1446312.0
NVDA,2026-02-03,09:44:00,182.9451,183.48,182.9,183.43,775117
NVDA,2026-02-03,09:45:00,183.43,183.89,183.33,183.66,809895
NVDA,2026-02-03,09:46:00,183.66,184.1,183.56,183.655,695669
NVDA,2026-02-03,09:47:00,183.6403,184.12,183.64,183.89,585990
NVDA,2026-02-03,09:48:00,183.89,184.17,183.8701,184.04,497239
NVDA,2026-02-03,09:49:00,184.03,184.235,183.78,183.8,586760
NVDA,2026-02-03,09:50:00,183.805,183.805,183.53,183.5501,587450
NVDA,2026-02-03,09:51:00,183.55,183.565,183.225,183.35,629979
NVDA,2026-02-03,09:52:00,183.35,183.56,183.31,183.4707,459239
NVDA,2026-02-03,09:53:00,183.47,183.49,183.23,183.44,458723
NVDA,2026-02-03,09:54:00,183.44,183.46,182.87,182.885,789122
NVDA,2026-02-03,09:55:00,182.885,182.97,182.56,182.5835,908745
NVDA,2026-02-03,09:56:00,182.5875,182.64,182.18,182.22,975951
NVDA,2026-02-03,09:57:00,182.24,182.33,181.83,181.86,1280487.0
NVDA,2026-02-03,09:58:00,181.85,182.24,181.5,182.19,1168190.0
NVDA,2026-02-03,09:59:00,182.175,182.22,181.78,181.83,660371
NVDA,2026-02-04,09:30:00,179.46,179.565,178.14,178.22,2248103.0
NVDA,2026-02-04,09:31:00,178.22,178.44,177.75,177.926,786364
NVDA,2026-02-04,09:32:00,177.93,178.2,177.27,177.42,755533
NVDA,2026-02-04,09:33:00,177.43,178.1,177.2,177.63,773063
NVDA,2026-02-04,09:34:00,177.6172,178.04,177.4,177.96,763541
NVDA,2026-02-04,09:35:00,177.97,178.69,177.56,178.65,686424
NVDA,2026-02-04,09:36:00,178.69,179.38,178.65,178.87,902846
NVDA,2026-02-04,09:37:00,178.845,178.95,178.465,178.7,566341
NVDA,2026-02-04,09:38:00,178.65,179.4459,178.6,179.235,637827
NVDA,2026-02-04,09:39:00,179.23,179.48,178.88,179.385,539152
NVDA,2026-02-04,09:40:00,179.3859,179.3915,178.92,178.99,426943
NVDA,2026-02-04,09:41:00,178.98,179.365,178.8,178.87,537138
NVDA,2026-02-04,09:42:00,178.865,179.14,178.57,179.1,519178
NVDA,2026-02-04,09:43:00,179.095,179.22,178.88,179.085,427540
NVDA,2026-02-04,09:44:00,179.1,179.39,178.95,179.21,356695
NVDA,2026-02-04,09:45:00,179.21,179.39,178.6,178.74,506361
NVDA,2026-02-04,09:46:00,178.74,178.9,178.59,178.7217,422985
NVDA,2026-02-04,09:47:00,178.72,179.14,178.7,178.8183,398686
NVDA,2026-02-04,09:48:00,178.865,179.58,178.835,179.355,527551
NVDA,2026-02-04,09:49:00,179.34,179.4013,178.93,179.079,456824
NVDA,2026-02-04,09:50:00,179.08,179.2,178.62,178.625,568524
NVDA,2026-02-04,09:51:00,178.653,178.93,178.631,178.75,336598
NVDA,2026-02-04,09:52:00,178.77,178.78,178.49,178.55,521846
NVDA,2026-02-04,09:53:00,178.57,178.61,178.28,178.3601,459904
NVDA,2026-02-04,09:54:00,178.3601,178.88,178.32,178.87,547177
NVDA,2026-02-04,09:55:00,178.88,179,178.61,178.685,456981
NVDA,2026-02-04,09:56:00,178.69,178.7,178.26,178.57,528739
NVDA,2026-02-04,09:57:00,178.59,178.65,178.1,178.11,446215
NVDA,2026-02-04,09:58:00,178.1,178.16,177.75,177.75,685600
NVDA,2026-02-04,09:59:00,177.76,177.92,177.66,177.77,642956
NVDA,2026-02-05,09:30:00,174.925,175.1,173.77,174.8142,2961630.0
NVDA,2026-02-05,09:31:00,174.84,175.52,174.6,174.6586,1079868.0
NVDA,2026-02-05,09:32:00,174.65,174.8,173.685,174.42,941718
NVDA,2026-02-05,09:33:00,174.3851,174.52,173.91,174.1,667011
NVDA,2026-02-05,09:34:00,174.1,175.31,173.85,175.26,922536
NVDA,2026-02-05,09:35:00,175.26,175.71,174.78,175.23,828265
NVDA,2026-02-05,09:36:00,175.24,175.3501,174.66,175.14,900059
NVDA,2026-02-05,09:37:00,175.14,175.61,174.69,175.43,787793
NVDA,2026-02-05,09:38:00,175.42,175.76,175.045,175.095,931449
NVDA,2026-02-05,09:39:00,175.11,175.3799,174.98,175.13,796490
NVDA,2026-02-05,09:40:00,175.17,175.51,174.92,175.26,1024949.0
NVDA,2026-02-05,09:41:00,175.274,175.33,174.67,174.7,551518
NVDA,2026-02-05,09:42:00,174.695,175.16,174.44,174.98,703852
NVDA,2026-02-05,09:43:00,174.98,175.43,174.88,175.32,802411
NVDA,2026-02-05,09:44:00,175.335,175.54,174.965,175.25,951223
NVDA,2026-02-05,09:45:00,175.24,176.47,175.2,176.39,1122404.0
NVDA,2026-02-05,09:46:00,176.385,176.8,176.275,176.41,954288
NVDA,2026-02-05,09:47:00,176.41,176.77,176.03,176.0499,1233311.0
NVDA,2026-02-05,09:48:00,176.04,176.34,175.91,175.935,884796
NVDA,2026-02-05,09:49:00,175.9359,176.78,175.9,176.78,672425
NVDA,2026-02-05,09:50:00,176.76,176.815,175.92,176.1,1102432.0
NVDA,2026-02-05,09:51:00,176.1,176.28,175.34,175.43,964422
NVDA,2026-02-05,09:52:00,175.415,175.67,175.34,175.451,525728
NVDA,2026-02-05,09:53:00,175.44,175.82,175.42,175.5101,542027
NVDA,2026-02-05,09:54:00,175.5,175.6,175.02,175.18,504867
NVDA,2026-02-05,09:55:00,175.18,175.4,175.01,175.29,589441
NVDA,2026-02-05,09:56:00,175.27,175.27,174.8301,174.9,616524
NVDA,2026-02-05,09:57:00,174.9006,175.132,174.62,174.75,691022
NVDA,2026-02-05,09:58:00,174.745,174.78,174.36,174.41,796387
NVDA,2026-02-05,09:59:00,174.43,174.43,173.65,173.89,1191347.0
NVDA,2026-02-06,09:30:00,176.69,176.7,174.99,175.355,3590070.0
NVDA,2026-02-06,09:31:00,175.39,175.7,175,175.22,806116
NVDA,2026-02-06,09:32:00,175.2,176.58,174.6,176.51,1233557.0
NVDA,2026-02-06,09:33:00,176.4963,177.16,176.47,177.05,1483606.0
NVDA,2026-02-06,09:34:00,177.05,177.67,176.92,177.4801,1432058.0
NVDA,2026-02-06,09:35:00,177.49,177.68,177,177.165,1222492.0
NVDA,2026-02-06,09:36:00,177.18,177.44,176.76,177.3868,927425
NVDA,2026-02-06,09:37:00,177.38,177.38,176.88,177.2045,787550
NVDA,2026-02-06,09:38:00,177.21,178.29,177.2,178.11,1422134.0
NVDA,2026-02-06,09:39:00,178.11,178.34,178.04,178.3101,1012008.0
NVDA,2026-02-06,09:40:00,178.32,178.88,177.95,178.81,1367404.0
NVDA,2026-02-06,09:41:00,178.82,178.98,178.42,178.53,996534
NVDA,2026-02-06,09:42:00,178.54,178.64,178.14,178.515,920941
NVDA,2026-02-06,09:43:00,178.52,179.88,178.496,179.87,1505494.0
NVDA,2026-02-06,09:44:00,179.87,179.98,179.67,179.95,1510377.0
NVDA,2026-02-06,09:45:00,179.95,180.6,179.95,180.4997,1899927.0
NVDA,2026-02-06,09:46:00,180.49,180.76,180.28,180.6242,1334024.0
NVDA,2026-02-06,09:47:00,180.625,180.82,180.32,180.57,1327625.0
NVDA,2026-02-06,09:48:00,180.5776,180.89,180.1907,180.82,1186995.0
NVDA,2026-02-06,09:49:00,180.81,180.83,180.25,180.595,1726609.0
NVDA,2026-02-06,09:50:00,180.61,180.75,180.34,180.65,1391416.0
NVDA,2026-02-06,09:51:00,180.66,181.43,180.66,181.375,1534073.0
NVDA,2026-02-06,09:52:00,181.3758,181.72,181.15,181.605,1399608.0
NVDA,2026-02-06,09:53:00,181.6,181.6,181.11,181.16,989474
NVDA,2026-02-06,09:54:00,181.17,181.36,181.03,181.26,688984
NVDA,2026-02-06,09:55:00,181.25,181.25,180.6778,180.685,1079781.0
NVDA,2026-02-06,09:56:00,180.6899,180.8332,180.3501,180.6922,971586
NVDA,2026-02-06,09:57:00,180.6801,181.4,180.67,181.385,856496
NVDA,2026-02-06,09:58:00,181.36,181.399,180.23,180.67,811220
NVDA,2026-02-06,09:59:00,180.655,180.685,180.365,180.5569,624021
NVDA,2026-02-09,09:30:00,184.26,186.13,183.95,185.48,4519900.0
NVDA,2026-02-09,09:31:00,185.5,185.725,184.76,185.68,1126629.0
NVDA,2026-02-09,09:32:00,185.6878,186.59,185.41,186.495,1101373.0
NVDA,2026-02-09,09:33:00,186.5,187.18,186.2,187.12,1401609.0
NVDA,2026-02-09,09:34:00,187.14,187.46,186.68,187.3007,1139870.0
NVDA,2026-02-09,09:35:00,187.3,188.24,186.78,188.2259,1967059.0
NVDA,2026-02-09,09:36:00,188.23,189.36,188.18,189.015,2800336.0
NVDA,2026-02-09,09:37:00,189.012,189.3,188.48,189.24,1196178.0
NVDA,2026-02-09,09:38:00,189.235,189.235,188.39,188.63,1082758.0
NVDA,2026-02-09,09:39:00,188.61,189.51,188.5932,189.5099,1279973.0
NVDA,2026-02-09,09:40:00,189.4951,189.83,189,189.7612,1424711.0
NVDA,2026-02-09,09:41:00,189.77,190.16,189.43,190.05,2202360.0
NVDA,2026-02-09,09:42:00,190.0501,190.64,189.85,190.4605,1508846.0
NVDA,2026-02-09,09:43:00,190.46,190.507,189.91,190.45,1333147.0
NVDA,2026-02-09,09:44:00,190.46,190.94,190.375,190.92,1297522.0
NVDA,2026-02-09,09:45:00,190.915,191.65,190.87,191.305,2556345.0
NVDA,2026-02-09,09:46:00,191.3,192.18,190.84,192.18,2287872.0
NVDA,2026-02-09,09:47:00,192.15,192.39,191.63,192.37,1577836.0
NVDA,2026-02-09,09:48:00,192.36,192.97,192.3301,192.93,2100932.0
NVDA,2026-02-09,09:49:00,192.93,193.66,192.89,193.52,2624329.0
NVDA,2026-02-09,09:50:00,193.51,193.57,192.41,192.85,1937596.0
NVDA,2026-02-09,09:51:00,192.86,192.9,191.96,192.04,1466107.0
NVDA,2026-02-09,09:52:00,192.0415,192.27,191.7,191.8601,1280258.0
NVDA,2026-02-09,09:53:00,191.89,192.09,191.54,191.72,1208139.0
NVDA,2026-02-09,09:54:00,191.72,191.83,191.255,191.5,1175310.0
NVDA,2026-02-09,09:55:00,191.52,191.73,191.17,191.3,1123903.0
NVDA,2026-02-09,09:56:00,191.33,191.41,191.05,191.13,837689
NVDA,2026-02-09,09:57:00,191.13,191.2131,190.82,190.92,936290
NVDA,2026-02-09,09:58:00,190.93,191.43,190.81,191.42,1042081.0
NVDA,2026-02-09,09:59:00,191.417,191.6499,191.15,191.16,1095019.0
NVDA,2026-02-10,09:30:00,191.38,192.43,191.25,191.62,3378363.0
NVDA,2026-02-10,09:31:00,191.61,192.14,191.08,192.12,1278019.0
NVDA,2026-02-10,09:32:00,192.14,192.48,191.32,191.46,1124242.0
NVDA,2026-02-10,09:33:00,191.4659,191.49,190.7401,190.92,835719
NVDA,2026-02-10,09:34:00,190.91,191.28,190.61,190.825,776327
NVDA,2026-02-10,09:35:00,190.825,191.43,190.82,191.19,721575
NVDA,2026-02-10,09:36:00,191.185,191.24,190.32,190.36,957549
NVDA,2026-02-10,09:37:00,190.39,190.48,189.85,189.975,1010398.0
NVDA,2026-02-10,09:38:00,189.98,190.4,189.87,190.27,700734
NVDA,2026-02-10,09:39:00,190.27,190.49,190.03,190.13,593904
NVDA,2026-02-10,09:40:00,190.14,190.19,189.6283,189.8783,729059
NVDA,2026-02-10,09:41:00,189.86,189.89,189.38,189.46,850821
NVDA,2026-02-10,09:42:00,189.45,189.6271,189.2,189.32,750165
NVDA,2026-02-10,09:43:00,189.3115,189.66,189.31,189.6023,607721
NVDA,2026-02-10,09:44:00,189.62,189.6799,189.4004,189.42,485297
NVDA,2026-02-10,09:45:00,189.41,189.48,189.03,189.105,605244
NVDA,2026-02-10,09:46:00,189.1085,189.2699,188.94,189.1022,694430
NVDA,2026-02-10,09:47:00,189.09,189.18,188.8,188.82,552926
NVDA,2026-02-10,09:48:00,188.82,189.13,188.58,188.65,733994
NVDA,2026-02-10,09:49:00,188.655,188.67,188.365,188.64,687800
NVDA,2026-02-10,09:50:00,188.6159,189.0897,188.57,189.0665,887585
NVDA,2026-02-10,09:51:00,189.04,189.15,188.83,189.13,698231
NVDA,2026-02-10,09:52:00,189.1269,189.375,189.01,189.1899,792536
NVDA,2026-02-10,09:53:00,189.185,189.4,189.105,189.39,643931
NVDA,2026-02-10,09:54:00,189.386,189.44,189.13,189.3999,565148
NVDA,2026-02-10,09:55:00,189.39,189.61,189.1,189.52,629508
NVDA,2026-02-10,09:56:00,189.53,189.808,189.4697,189.653,732955
NVDA,2026-02-10,09:57:00,189.65,189.85,189.64,189.785,442017
NVDA,2026-02-10,09:58:00,189.78,189.92,189.57,189.85,595092
NVDA,2026-02-10,09:59:00,189.8569,189.863,189.25,189.29,621617
NVDA,2026-02-11,09:30:00,192.45,192.88,191.67,192.35,3044042.0
NVDA,2026-02-11,09:31:00,192.34,193.2,192.1,192.6645,1754871.0
NVDA,2026-02-11,09:32:00,192.6657,192.95,191.75,192.015,1115324.0
NVDA,2026-02-11,09:33:00,191.97,192.12,191.5,192.04,872464
NVDA,2026-02-11,09:34:00,192.08,192.18,191.65,191.84,655126
NVDA,2026-02-11,09:35:00,191.83,192.34,191.46,192.2835,1206032.0
NVDA,2026-02-11,09:36:00,192.295,192.95,191.75,191.78,1266351.0
NVDA,2026-02-11,09:37:00,191.77,192.05,191.6,191.97,729715
NVDA,2026-02-11,09:38:00,191.97,191.97,191.24,191.312,679681
NVDA,2026-02-11,09:39:00,191.34,191.52,191.139,191.2301,522572
NVDA,2026-02-11,09:40:00,191.24,191.42,191.07,191.306,596459
NVDA,2026-02-11,09:41:00,191.292,191.34,190.99,191.1201,665212
NVDA,2026-02-11,09:42:00,191.12,191.78,191.0999,191.77,631267
NVDA,2026-02-11,09:43:00,191.75,192.53,191.72,192.5,1335933.0
NVDA,2026-02-11,09:44:00,192.51,192.9499,192.39,192.87,1098017.0
NVDA,2026-02-11,09:45:00,192.875,193.26,192.545,193.2299,1513251.0
NVDA,2026-02-11,09:46:00,193.24,193.25,192.3,192.46,1032679.0
NVDA,2026-02-11,09:47:00,192.455,192.69,192.209,192.435,596626
NVDA,2026-02-11,09:48:00,192.44,192.77,192.22,192.715,530134
NVDA,2026-02-11,09:49:00,192.705,192.83,192.2,192.63,756369
NVDA,2026-02-11,09:50:00,192.65,192.83,192.21,192.4,572747
NVDA,2026-02-11,09:51:00,192.4,192.67,192.23,192.275,401743
NVDA,2026-02-11,09:52:00,192.29,192.295,191.64,191.85,1041373.0
NVDA,2026-02-11,09:53:00,191.8608,191.95,191.64,191.93,438423
NVDA,2026-02-11,09:54:00,191.9301,192.0622,191.77,191.89,411445
NVDA,2026-02-11,09:55:00,191.91,192.15,191.73,191.79,349915
NVDA,2026-02-11,09:56:00,191.79,191.9,191.56,191.66,428069
NVDA,2026-02-11,09:57:00,191.67,191.75,191.27,191.64,537093
NVDA,2026-02-11,09:58:00,191.65,191.69,191.27,191.3,378941
NVDA,2026-02-11,09:59:00,191.34,191.4,191.17,191.22,465867
NVDA,2026-02-12,09:30:00,193.03,193.61,192.5,192.795,3844953.0
NVDA,2026-02-12,09:31:00,192.79,193.04,192.31,192.4917,892445
NVDA,2026-02-12,09:32:00,192.505,192.7,192.159,192.6155,678385
NVDA,2026-02-12,09:33:00,192.605,193.02,192.28,192.75,734443
NVDA,2026-02-12,09:34:00,192.7599,192.8655,191.95,192.16,811901
NVDA,2026-02-12,09:35:00,192.155,192.74,191.85,192.52,672147
NVDA,2026-02-12,09:36:00,192.53,192.835,192.41,192.725,653014
NVDA,2026-02-12,09:37:00,192.7382,192.91,192.48,192.7706,654713
NVDA,2026-02-12,09:38:00,192.75,192.91,191.761,191.88,973082
NVDA,2026-02-12,09:39:00,191.9095,192.0099,191.7614,191.94,602278
NVDA,2026-02-12,09:40:00,191.96,192.29,191.92,192.07,573445
NVDA,2026-02-12,09:41:00,192.075,192.45,191.815,191.825,641989
NVDA,2026-02-12,09:42:00,191.82,192.18,191.67,192.125,737876
NVDA,2026-02-12,09:43:00,192.13,192.315,192.03,192.255,481857
NVDA,2026-02-12,09:44:00,192.26,192.33,191.74,191.9,788903
NVDA,2026-02-12,09:45:00,191.89,192.34,191.82,191.85,650620
NVDA,2026-02-12,09:46:00,191.845,192.4,191.79,192.24,672823
NVDA,2026-02-12,09:47:00,192.25,192.25,191.74,191.7501,521570
NVDA,2026-02-12,09:48:00,191.75,192.12,191.45,192.035,915463
NVDA,2026-02-12,09:49:00,192.035,192.17,191.53,191.62,779544
NVDA,2026-02-12,09:50:00,191.63,192.09,191.41,192.01,853611
NVDA,2026-02-12,09:51:00,191.99,192.27,191.9,191.92,554003
NVDA,2026-02-12,09:52:00,191.9294,192.1,191.9294,192.02,322393
NVDA,2026-02-12,09:53:00,192.03,192.22,192,192.12,393773
NVDA,2026-02-12,09:54:00,192.11,192.3,192.02,192.2101,395273
NVDA,2026-02-12,09:55:00,192.1965,192.21,191.96,192.04,431376
NVDA,2026-02-12,09:56:00,192.04,192.06,191.58,191.585,796572
NVDA,2026-02-12,09:57:00,191.58,191.6,191.2715,191.56,1039702.0
NVDA,2026-02-12,09:58:00,191.56,191.58,191.28,191.365,665366
NVDA,2026-02-12,09:59:00,191.36,191.45,191.22,191.45,519253
NVDA,2026-02-13,09:30:00,187.475,187.5,185.6,186.165,2432224.0
NVDA,2026-02-13,09:31:00,186.12,186.54,185.6,185.78,750752
NVDA,2026-02-13,09:32:00,185.75,186.66,185.38,186.495,902963
NVDA,2026-02-13,09:33:00,186.479,186.71,185.8801,186.04,633581
NVDA,2026-02-13,09:34:00,186.07,186.35,185.66,185.782,562263
NVDA,2026-02-13,09:35:00,185.78,186.07,185.52,186.04,615464
NVDA,2026-02-13,09:36:00,185.96,186.1167,185.07,185.226,899389
NVDA,2026-02-13,09:37:00,185.19,185.28,184.12,184.35,1215968.0
NVDA,2026-02-13,09:38:00,184.345,184.7585,184.27,184.475,1021414.0
NVDA,2026-02-13,09:39:00,184.48,184.51,183.86,183.8701,964842
NVDA,2026-02-13,09:40:00,183.91,184.01,183.4,183.4198,1081687.0
NVDA,2026-02-13,09:41:00,183.41,183.5,182.47,182.49,1567263.0
NVDA,2026-02-13,09:42:00,182.485,183.12,182.26,183.03,1361491.0
NVDA,2026-02-13,09:43:00,183.03,184.1604,183.03,184.035,1413592.0
NVDA,2026-02-13,09:44:00,184.05,184.62,183.78,184.245,1130003.0
NVDA,2026-02-13,09:45:00,184.25,185.48,184.19,185.38,1111529.0
NVDA,2026-02-13,09:46:00,185.355,185.675,185.19,185.51,816307
NVDA,2026-02-13,09:47:00,185.5,185.64,185.242,185.54,712743
NVDA,2026-02-13,09:48:00,185.53,186.18,185.52,185.58,825951
NVDA,2026-02-13,09:49:00,185.59,185.75,185.08,185.12,695278
NVDA,2026-02-13,09:50:00,185.1299,185.15,184.23,184.3443,1243167.0
NVDA,2026-02-13,09:51:00,184.32,184.35,183.9007,183.99,863943
NVDA,2026-02-13,09:52:00,184.01,184.1,183.4,183.7,1018502.0
NVDA,2026-02-13,09:53:00,183.675,184.2896,183.675,183.77,939104
NVDA,2026-02-13,09:54:00,183.7601,184.07,183.2706,183.275,995218
NVDA,2026-02-13,09:55:00,183.27,183.89,183.2,183.5446,1334337.0
NVDA,2026-02-13,09:56:00,183.535,183.7,182.52,182.525,1163787.0
NVDA,2026-02-13,09:57:00,182.54,182.84,182.4,182.41,1162061.0
NVDA,2026-02-13,09:58:00,182.41,182.87,182.4,182.66,932726
NVDA,2026-02-13,09:59:00,182.68,182.735,182.32,182.41,890936
NVDA,2026-02-17,09:30:00,181.75,182.34,181.27,181.3699,3074888.0
NVDA,2026-02-17,09:31:00,181.345,182.43,181.27,181.64,878459
NVDA,2026-02-17,09:32:00,181.63,182.52,181.01,181.435,856032
NVDA,2026-02-17,09:33:00,181.443,181.97,181.2687,181.765,592826
NVDA,2026-02-17,09:34:00,181.79,182.52,181.46,182.38,683797
NVDA,2026-02-17,09:35:00,182.39,182.8,182.3759,182.415,721798
NVDA,2026-02-17,09:36:00,182.4199,182.88,182.11,182.72,691094
NVDA,2026-02-17,09:37:00,182.71,182.85,182.38,182.64,497979
NVDA,2026-02-17,09:38:00,182.64,182.88,182.28,182.305,485423
NVDA,2026-02-17,09:39:00,182.32,183.34,182.26,183.32,774375
NVDA,2026-02-17,09:40:00,183.28,183.36,182.96,183.22,653946
NVDA,2026-02-17,09:41:00,183.2118,183.42,182.92,183.17,557090
NVDA,2026-02-17,09:42:00,183.16,183.27,182.6718,182.7489,517972
NVDA,2026-02-17,09:43:00,182.73,182.9311,182.3505,182.405,596185
NVDA,2026-02-17,09:44:00,182.39,182.62,181.54,181.906,1072838.0
NVDA,2026-02-17,09:45:00,181.92,182.07,181.3,181.395,803831
NVDA,2026-02-17,09:46:00,181.4,181.67,181.1,181.125,672852
NVDA,2026-02-17,09:47:00,181.12,181.18,180.465,180.53,995564
NVDA,2026-02-17,09:48:00,180.53,181.06,180.53,180.77,664941
NVDA,2026-02-17,09:49:00,180.77,180.88,180.38,180.7,633634
NVDA,2026-02-17,09:50:00,180.7031,180.99,180.06,180.245,831708
NVDA,2026-02-17,09:51:00,180.23,180.405,179.92,180.1598,1109483.0
NVDA,2026-02-17,09:52:00,180.14,180.59,180.13,180.36,446990
NVDA,2026-02-17,09:53:00,180.345,180.53,179.79,179.85,740482
NVDA,2026-02-17,09:54:00,179.86,180.14,179.8,179.86,519119
NVDA,2026-02-17,09:55:00,179.87,180.02,179.47,179.5985,654032
NVDA,2026-02-17,09:56:00,179.605,179.84,179.4001,179.535,617631
NVDA,2026-02-17,09:57:00,179.555,180.0411,179.5308,179.872,600826
NVDA,2026-02-17,09:58:00,179.88,179.94,179.7,179.75,508192
NVDA,2026-02-17,09:59:00,179.75,179.78,179.29,179.29,515174
NVDA,2026-02-18,09:30:00,188.75,188.76,187.88,188.66,2996341.0
NVDA,2026-02-18,09:31:00,188.647,189.19,188.26,188.5101,1534335.0
NVDA,2026-02-18,09:32:00,188.55,188.55,187.38,187.64,1337286.0
NVDA,2026-02-18,09:33:00,187.69,188.36,187.6301,188.18,888403
NVDA,2026-02-18,09:34:00,188.18,188.65,187.87,188.035,943237
NVDA,2026-02-18,09:35:00,188.02,188.37,187.71,188.24,947503
NVDA,2026-02-18,09:36:00,188.22,188.52,187.95,188,861187
NVDA,2026-02-18,09:37:00,188.02,188.13,187.5,187.64,757072
NVDA,2026-02-18,09:38:00,187.65,188.35,187.35,188.23,871322
NVDA,2026-02-18,09:39:00,188.215,188.315,187.5,187.756,801127
NVDA,2026-02-18,09:40:00,187.7576,187.93,187.4,187.46,765197
NVDA,2026-02-18,09:41:00,187.49,187.98,187.4,187.71,736538
NVDA,2026-02-18,09:42:00,187.69,188.39,187.6,188.26,750305
NVDA,2026-02-18,09:43:00,188.26,188.62,188.1,188.5784,804849
NVDA,2026-02-18,09:44:00,188.581,188.66,188.1,188.3645,869973
NVDA,2026-02-18,09:45:00,188.36,188.475,188.06,188.36,782343
NVDA,2026-02-18,09:46:00,188.36,188.58,188.155,188.5033,642447
NVDA,2026-02-18,09:47:00,188.51,188.78,188.42,188.775,916937
NVDA,2026-02-18,09:48:00,188.77,188.78,187.89,188.49,909092
NVDA,2026-02-18,09:49:00,188.5,188.65,188.18,188.23,634568
NVDA,2026-02-18,09:50:00,188.215,188.4,188.095,188.13,439681
NVDA,2026-02-18,09:51:00,188.11,188.3,187.8499,187.92,595252
NVDA,2026-02-18,09:52:00,187.92,188.12,187.83,187.99,378254
NVDA,2026-02-18,09:53:00,187.98,188,187.625,187.91,505424
NVDA,2026-02-18,09:54:00,187.91,188.22,187.8,188.13,525419
NVDA,2026-02-18,09:55:00,188.14,188.18,187.98,188.06,362924
NVDA,2026-02-18,09:56:00,188.07,188.46,187.83,188.365,475323
NVDA,2026-02-18,09:57:00,188.37,188.46,188.21,188.4355,442852
NVDA,2026-02-18,09:58:00,188.4451,188.8799,188.42,188.69,716888
NVDA,2026-02-18,09:59:00,188.6996,188.93,188.6801,188.75,581542
NVDA,2026-02-19,09:30:00,187.055,187.15,186.51,186.7,1620440.0
NVDA,2026-02-19,09:31:00,186.71,187.39,186.62,186.9847,588318
NVDA,2026-02-19,09:32:00,187.005,187.3627,186.71,186.78,413789
NVDA,2026-02-19,09:33:00,186.785,187.29,186.525,186.83,565601
NVDA,2026-02-19,09:34:00,186.84,187.0399,186.58,186.795,356704
NVDA,2026-02-19,09:35:00,186.78,186.93,186.3,186.32,596232
NVDA,2026-02-19,09:36:00,186.325,186.44,186.11,186.2644,687910
NVDA,2026-02-19,09:37:00,186.28,186.56,186.085,186.29,481686
NVDA,2026-02-19,09:38:00,186.3498,186.52,186.04,186.24,451132
NVDA,2026-02-19,09:39:00,186.2319,186.82,186.2295,186.5,584815
NVDA,2026-02-19,09:40:00,186.49,186.53,185.96,186.05,780240
NVDA,2026-02-19,09:41:00,186.06,186.22,185.92,185.93,494250
NVDA,2026-02-19,09:42:00,185.95,186.2,185.8,186.1568,548854
NVDA,2026-02-19,09:43:00,186.14,186.16,185.93,186.09,373377
NVDA,2026-02-19,09:44:00,186.08,186.43,186.06,186.295,477348
NVDA,2026-02-19,09:45:00,186.29,186.34,185.66,185.695,617441
NVDA,2026-02-19,09:46:00,185.689,185.98,185.66,185.95,597203
NVDA,2026-02-19,09:47:00,185.94,186.27,185.83,186.21,473913
NVDA,2026-02-19,09:48:00,186.2,186.33,185.89,186.255,489382
NVDA,2026-02-19,09:49:00,186.25,186.34,185.885,186.02,421890
NVDA,2026-02-19,09:50:00,186.01,186.373,186.01,186.36,366391
NVDA,2026-02-19,09:51:00,186.3501,186.45,186.12,186.34,390921
NVDA,2026-02-19,09:52:00,186.33,186.84,186.3,186.825,653271
NVDA,2026-02-19,09:53:00,186.8078,187.125,186.7275,187.1,572359
NVDA,2026-02-19,09:54:00,187.09,187.23,186.74,186.77,455915
NVDA,2026-02-19,09:55:00,186.76,187.23,186.74,187.2063,418350
NVDA,2026-02-19,09:56:00,187.185,187.25,187,187.1999,306209
NVDA,2026-02-19,09:57:00,187.2,187.35,187.08,187.215,373652
NVDA,2026-02-19,09:58:00,187.2199,187.2199,186.96,187.01,349555
NVDA,2026-02-19,09:59:00,187.01,187.01,186.65,186.755,412620
NVDA,2026-02-20,09:30:00,186.57,186.75,185.9378,186.17,4409802.0
NVDA,2026-02-20,09:31:00,186.15,187.03,186.09,186.82,519242
NVDA,2026-02-20,09:32:00,186.82,187.52,186.71,187.505,736627
NVDA,2026-02-20,09:33:00,187.5131,188.02,187.49,187.85,878097
NVDA,2026-02-20,09:34:00,187.85,187.92,187.34,187.64,603358
NVDA,2026-02-20,09:35:00,187.62,188.22,187.4395,188.16,764829
NVDA,2026-02-20,09:36:00,188.17,188.445,188.05,188.28,746464
NVDA,2026-02-20,09:37:00,188.29,188.35,188.0141,188.14,892952
NVDA,2026-02-20,09:38:00,188.15,188.45,188,188.07,523740
NVDA,2026-02-20,09:39:00,188.065,188.11,187.825,188.06,650021
NVDA,2026-02-20,09:40:00,188.0622,188.25,188,188.0199,457723
NVDA,2026-02-20,09:41:00,188.02,188.18,187.8501,187.96,406670
NVDA,2026-02-20,09:42:00,187.965,188.45,187.915,188.32,669231
NVDA,2026-02-20,09:43:00,188.31,188.35,188.03,188.055,482131
NVDA,2026-02-20,09:44:00,188.05,188.15,187.97,188.068,251611
NVDA,2026-02-20,09:45:00,188.06,188.43,188.055,188.325,499735
NVDA,2026-02-20,09:46:00,188.36,188.7,188.295,188.565,704973
NVDA,2026-02-20,09:47:00,188.57,188.58,188.05,188.13,625092
NVDA,2026-02-20,09:48:00,188.14,188.28,188,188.15,512171
NVDA,2026-02-20,09:49:00,188.152,188.4,188,188.02,483710
NVDA,2026-02-20,09:50:00,188.05,188.06,187.75,187.91,569592
NVDA,2026-02-20,09:51:00,187.9,187.92,187.51,187.5501,477802
NVDA,2026-02-20,09:52:00,187.56,187.715,187.5239,187.58,327792
NVDA,2026-02-20,09:53:00,187.575,187.87,187.55,187.72,1449381.0
NVDA,2026-02-20,09:54:00,187.72,187.7799,187.5,187.6997,483836
NVDA,2026-02-20,09:55:00,187.72,187.75,187.5,187.56,367980
NVDA,2026-02-20,09:56:00,187.57,187.58,187.29,187.43,413027
NVDA,2026-02-20,09:57:00,187.4,187.49,187.3106,187.4799,276993
NVDA,2026-02-20,09:58:00,187.47,187.58,187.26,187.4,359478
NVDA,2026-02-20,09:59:00,187.4,187.72,187.32,187.65,447795
NVDA,2026-02-23,09:30:00,191.4,193.95,191.3,193.5797,5788032.258158
NVDA,2026-02-23,09:31:00,193.565,193.77,191.99,192.54,2179776.00902
NVDA,2026-02-23,09:32:00,192.5014,193.66,192.495,193.3328,1561716.358831
NVDA,2026-02-23,09:33:00,193.3101,193.79,193,193.59,1517321.711782
NVDA,2026-02-23,09:34:00,193.57,193.9,193.02,193.08,1254155.636339
NVDA,2026-02-23,09:35:00,193.07,193.18,192.66,192.7093,1083847.792958
NVDA,2026-02-23,09:36:00,192.69,193.06,192.58,192.72,879129.919454
NVDA,2026-02-23,09:37:00,192.7193,192.86,192.28,192.6601,725011.013259
NVDA,2026-02-23,09:38:00,192.66,193.31,192.65,193.27,815099.611833
NVDA,2026-02-23,09:39:00,193.27,193.4,192.81,193.28,712627.004325
NVDA,2026-02-23,09:40:00,193.27,193.27,192.23,192.2403,845983.852322
NVDA,2026-02-23,09:41:00,192.24,192.47,192.12,192.37,798159.952754
NVDA,2026-02-23,09:42:00,192.375,192.78,192.11,192.64,766587.171203
NVDA,2026-02-23,09:43:00,192.64,192.887,192.59,192.8,955716.690211
NVDA,2026-02-23,09:44:00,192.8,192.8505,192.31,192.34,595170.051941
NVDA,2026-02-23,09:45:00,192.33,192.57,192.16,192.205,748980.444023
NVDA,2026-02-23,09:46:00,192.2,192.71,192.03,192.6,780264.589298
NVDA,2026-02-23,09:47:00,192.6,192.75,192.34,192.675,486484.952661
NVDA,2026-02-23,09:48:00,192.6101,192.78,192.36,192.67,526733.130892
NVDA,2026-02-23,09:49:00,192.68,192.775,192.34,192.535,527096.614415
NVDA,2026-02-23,09:50:00,192.525,193.13,192.42,193.0766,960267.163746
NVDA,2026-02-23,09:51:00,193.015,193.24,193,193.085,724535.712235
NVDA,2026-02-23,09:52:00,193.11,193.23,192.97,193.13,515033.226311
NVDA,2026-02-23,09:53:00,193.15,193.37,193.07,193.3394,704553.270207
NVDA,2026-02-23,09:54:00,193.34,193.4,192.88,192.98,636754.037856
NVDA,2026-02-23,09:55:00,192.97,193.01,192.595,192.77,585374.96799
NVDA,2026-02-23,09:56:00,192.79,193.03,192.715,193.01,561609.863306
NVDA,2026-02-23,09:57:00,193.02,193.34,192.92,193.3,677830.932722
NVDA,2026-02-23,09:58:00,193.3,193.305,192.945,193.085,547873.273242
NVDA,2026-02-23,09:59:00,193.0824,193.24,192.9468,193.11,621455.691347
NVDA,2026-02-24,09:30:00,191.49,192.07,191.1,191.37,3367014.310861
NVDA,2026-02-24,09:31:00,191.37,191.38,190,190.07,1309456.314224
NVDA,2026-02-24,09:32:00,190.11,190.15,189.38,189.75,1537265.942603
NVDA,2026-02-24,09:33:00,189.7587,189.7775,188.95,189.04,1390877.47577
NVDA,2026-02-24,09:34:00,189.05,189.05,188.22,188.65,1374410.012376
NVDA,2026-02-24,09:35:00,188.66,188.7,187.8259,187.8441,1679738.287516
NVDA,2026-02-24,09:36:00,187.84,188.16,187.56,187.885,1382967.548272
NVDA,2026-02-24,09:37:00,187.88,188.01,187.4,187.97,1316956.8007
NVDA,2026-02-24,09:38:00,187.9695,189.1,187.87,189,1584189.551965
NVDA,2026-02-24,09:39:00,189.02,189.39,188.86,189.03,1167468.272476
NVDA,2026-02-24,09:40:00,189.02,189.53,189.02,189.52,935691.194929
NVDA,2026-02-24,09:41:00,189.5299,189.87,189.47,189.8301,856358.53817
NVDA,2026-02-24,09:42:00,189.84,189.94,189.39,189.42,952357.940174
NVDA,2026-02-24,09:43:00,189.42,189.68,189.185,189.57,963943.058757
NVDA,2026-02-24,09:44:00,189.587,190.25,189.53,190.25,902731.064512
NVDA,2026-02-24,09:45:00,190.26,190.515,190.05,190.3,918455.095669
NVDA,2026-02-24,09:46:00,190.31,190.47,189.83,189.95,876379.407828
NVDA,2026-02-24,09:47:00,189.945,190.36,189.94,190.2,627333.612624
NVDA,2026-02-24,09:48:00,190.2,190.5,190.06,190.1699,680583.624044
NVDA,2026-02-24,09:49:00,190.17,190.45,190.08,190.17,580054.199373
NVDA,2026-02-24,09:50:00,190.155,190.29,189.9297,189.96,646926.007587
NVDA,2026-02-24,09:51:00,189.96,190.42,189.895,190.28,470948.54082
NVDA,2026-02-24,09:52:00,190.3,190.47,190.1644,190.3603,491499.207713
NVDA,2026-02-24,09:53:00,190.3683,190.5,189.9407,190.0468,568464.998711
NVDA,2026-02-24,09:54:00,190.05,190.2,189.9,190.08,452115.073026
NVDA,2026-02-24,09:55:00,190.07,190.07,189.64,189.67,580772.367935
NVDA,2026-02-24,09:56:00,189.66,189.75,189.45,189.7001,486903.551989
NVDA,2026-02-24,09:57:00,189.7,190.08,189.67,189.8441,478215.876154
NVDA,2026-02-24,09:58:00,189.84,190,189.55,189.6,442966.37367
NVDA,2026-02-24,09:59:00,189.6,189.8299,189.56,189.75,436620.527825
NVDA,2026-02-25,09:30:00,194.45,194.92,194.24,194.688,3845825.615782
NVDA,2026-02-25,09:31:00,194.65,195,194.64,194.94,1398122.878598
NVDA,2026-02-25,09:32:00,194.94,195,194.1,194.185,1428652.68244
NVDA,2026-02-25,09:33:00,194.18,194.689,194.01,194.43,1135988.831206
NVDA,2026-02-25,09:34:00,194.45,194.5,194.03,194.06,754592.684735
NVDA,2026-02-25,09:35:00,194.08,194.36,194,194.27,997963.072608
NVDA,2026-02-25,09:36:00,194.2794,194.6499,194.24,194.57,811180.94523
NVDA,2026-02-25,09:37:00,194.575,194.6,194.07,194.28,701148.120369
NVDA,2026-02-25,09:38:00,194.28,194.335,193.79,194.1035,985793.586966
NVDA,2026-02-25,09:39:00,194.105,194.42,193.8,194.395,1133303.534007
NVDA,2026-02-25,09:40:00,194.395,194.72,194.26,194.4201,1097157.056125
NVDA,2026-02-25,09:41:00,194.43,194.74,194.43,194.725,636103.713707
NVDA,2026-02-25,09:42:00,194.72,194.74,194.18,194.3,575458.329553
NVDA,2026-02-25,09:43:00,194.3,194.83,194.29,194.7199,731773.309842
NVDA,2026-02-25,09:44:00,194.71,194.78,194.57,194.6399,537988.448843
NVDA,2026-02-25,09:45:00,194.62,194.8,194.51,194.68,625836.030135
NVDA,2026-02-25,09:46:00,194.685,194.84,194.53,194.74,565893.328798
NVDA,2026-02-25,09:47:00,194.7342,195,194.64,194.8301,1008582.289482
NVDA,2026-02-25,09:48:00,194.84,194.91,194.69,194.9,724370.398021
NVDA,2026-02-25,09:49:00,194.905,194.94,194.82,194.835,522046.012748
NVDA,2026-02-25,09:50:00,194.84,195,194.755,194.98,1002252.210556
NVDA,2026-02-25,09:51:00,194.98,195.43,194.94,195.405,3192672.191562
NVDA,2026-02-25,09:52:00,195.4025,195.59,195.2502,195.39,1284277.868929
NVDA,2026-02-25,09:53:00,195.4,195.85,195.36,195.7905,1010788.674018
NVDA,2026-02-25,09:54:00,195.795,195.87,195.71,195.7804,685344.152824
NVDA,2026-02-25,09:55:00,195.78,195.96,195.68,195.8,951747.361425
NVDA,2026-02-25,09:56:00,195.8,195.84,195.49,195.585,720304.100984
NVDA,2026-02-25,09:57:00,195.585,195.59,195.23,195.44,698007.006687
NVDA,2026-02-25,09:58:00,195.44,195.86,195.37,195.86,739231.525288
NVDA,2026-02-25,09:59:00,195.865,195.94,195.67,195.83,733319.375389
NVDA,2026-02-26,09:30:00,194.27,194.29,192.85,193.35,5384593.563105
NVDA,2026-02-26,09:31:00,193.3699,193.71,192.79,193.0342,2297200.891095
NVDA,2026-02-26,09:32:00,193.04,193.1,191.34,191.68,3236545.828194
NVDA,2026-02-26,09:33:00,191.67,191.9699,191.22,191.7242,2496959.247851
NVDA,2026-02-26,09:34:00,191.735,191.85,190.95,191.01,2549611.608709
NVDA,2026-02-26,09:35:00,191.01,191.27,190.36,190.465,2467916.714698
NVDA,2026-02-26,09:36:00,190.425,190.54,189.56,189.87,3442548.488066
NVDA,2026-02-26,09:37:00,189.88,190.13,189.41,189.96,2963496.820583
NVDA,2026-02-26,09:38:00,189.96,191,189.9168,190.811,3415801.252092
NVDA,2026-02-26,09:39:00,190.827,191.4,190.775,191.37,2520708.146986
NVDA,2026-02-26,09:40:00,191.38,191.39,190.6101,190.71,2183969.679447
NVDA,2026-02-26,09:41:00,190.71,191.33,190.677,190.9,1796083.572345
NVDA,2026-02-26,09:42:00,190.9,191.71,190.245,190.43,2390329.090946
NVDA,2026-02-26,09:43:00,190.425,190.54,189.59,189.94,2405724.850703
NVDA,2026-02-26,09:44:00,189.94,190.13,189.63,189.985,1861049.885782
NVDA,2026-02-26,09:45:00,189.99,190.01,188.87,188.8999,3121987.949462
NVDA,2026-02-26,09:46:00,188.9,189.78,188.85,189.51,1857363.657284
NVDA,2026-02-26,09:47:00,189.51,189.558,188.8,189.01,1812719.072613
NVDA,2026-02-26,09:48:00,189,189.13,188.41,188.5,2157229.846451
NVDA,2026-02-26,09:49:00,188.5,189,188.28,188.98,1910926.697449
NVDA,2026-02-26,09:50:00,188.981,189.68,188.945,189.585,1831077.603388
NVDA,2026-02-26,09:51:00,189.59,189.87,189.17,189.613,1631805.675578
NVDA,2026-02-26,09:52:00,189.62,189.67,188.5,188.525,1478038.286887
NVDA,2026-02-26,09:53:00,188.541,189.31,188.3999,189.22,2101741.212828
NVDA,2026-02-26,09:54:00,189.23,189.45,188.63,189.305,1594639.356715
NVDA,2026-02-26,09:55:00,189.285,189.73,189.01,189.68,1509178.656524
NVDA,2026-02-26,09:56:00,189.68,189.88,189.56,189.75,1457274.337743
NVDA,2026-02-26,09:57:00,189.75,190,189.5,189.72,1360384.689796
NVDA,2026-02-26,09:58:00,189.71,189.77,189.17,189.405,1299225.591425
NVDA,2026-02-26,09:59:00,189.41,189.885,189.24,189.39,1174457.800643
NVDA,2026-02-27,09:30:00,181.25,181.79,180.36,180.78,5264421.231939
NVDA,2026-02-27,09:31:00,180.79,180.87,180.01,180.155,2792802.55178
NVDA,2026-02-27,09:32:00,180.16,181.17,180.08,181.16,2089736.265438
NVDA,2026-02-27,09:33:00,181.15,181.56,180.6,180.8,1839072.402467
NVDA,2026-02-27,09:34:00,180.8,180.88,180.1,180.45,1419208.382895
NVDA,2026-02-27,09:35:00,180.45,180.71,179.8,179.98,2821497.293174
NVDA,2026-02-27,09:36:00,179.97,180.34,179.73,179.92,1539738.710406
NVDA,2026-02-27,09:37:00,179.93,180.27,179.88,179.97,1509610.34984
NVDA,2026-02-27,09:38:00,179.98,181.03,179.94,180.91,1644876.813758
NVDA,2026-02-27,09:39:00,180.915,181.7,180.68,181.605,1528402.409087
NVDA,2026-02-27,09:40:00,181.605,181.6599,180.92,181.1,1178636.364167
NVDA,2026-02-27,09:41:00,181.071,181.071,180.5,180.595,1073470.371341
NVDA,2026-02-27,09:42:00,180.5848,180.5848,180.05,180.12,1321566.577035
NVDA,2026-02-27,09:43:00,180.1148,180.13,179.85,180.05,1270879.264146
NVDA,2026-02-27,09:44:00,180.06,180.88,180.035,180.605,1023118.066176
NVDA,2026-02-27,09:45:00,180.62,180.82,180.28,180.6109,838950.216752
NVDA,2026-02-27,09:46:00,180.6,180.9,180.55,180.653,1020450.503548
NVDA,2026-02-27,09:47:00,180.66,180.7,180.3,180.5196,768009.485797
NVDA,2026-02-27,09:48:00,180.51,181.16,180.5,181.1398,1021133.049542
NVDA,2026-02-27,09:49:00,181.14,181.16,180.7,180.829,867964.181238
NVDA,2026-02-27,09:50:00,180.83,180.925,180.5,180.61,1072350.120438
NVDA,2026-02-27,09:51:00,180.61,180.97,180.5,180.84,709182.032515
NVDA,2026-02-27,09:52:00,180.84,180.84,180.28,180.35,905806.011085
NVDA,2026-02-27,09:53:00,180.335,180.46,180.2,180.447,681905.275037
NVDA,2026-02-27,09:54:00,180.445,180.64,179.95,179.9797,1309069.138349
NVDA,2026-02-27,09:55:00,179.97,180.015,179.66,179.7337,1407975.211392
NVDA,2026-02-27,09:56:00,179.74,179.92,179.625,179.915,942971.540519
NVDA,2026-02-27,09:57:00,179.91,180.285,179.88,179.915,1163265.499021
NVDA,2026-02-27,09:58:00,179.9175,179.9911,179.57,179.685,1198722.716891
NVDA,2026-02-27,09:59:00,179.69,179.89,179.575,179.795,905913.09718
